Year,State,Overall_Homeless,Overall_Under_18,Overall_18_to_24,Overall_Over_24,Overall_Homeless_Individuals,Overall_Homeless_People_in_Families,Overall_Hispanic_Latino,Overall_White,Overall_African_American,Overall_Asian,Overall_American_Indian,Overall_Pacific_Islander,Overall_Multiple_Races,Individual_Hispanic_Latino,Individual_White,Individual_African_American,Individual_Asian,Individual_American_Indian,Individual_Pacific_Islander,Individual_Multiple_Races,People_In_Families_Hispanic_Latino,People_In_Families_White,People_In_Families_African_American,People_In_Families_Asian,People_In_Families_American_Indian,People_In_Families_Pacific_Islander,People_In_Families_Multiple_Races,Overall_Homeless_Veterans
2007,AK,1642,0,0,0,1062,0,0,0,0,0,0,0,0,0,0,0,0,0,0,0,0,0,0,0,0,0,0,203
2007,AL,5452,0,0,0,4184,0,0,0,0,0,0,0,0,0,0,0,0,0,0,0,0,0,0,0,0,0,0,974
2007,AR,3836,0,0,0,2987,0,0,0,0,0,0,0,0,0,0,0,0,0,0,0,0,0,0,0,0,0,0,287
2007,AZ,14646,0,0,0,10020,0,0,0,0,0,0,0,0,0,0,0,0,0,0,0,0,0,0,0,0,0,0,869
2007,CA,138986,0,0,0,110952,0,0,0,0,0,0,0,0,0,0,0,0,0,0,0,0,0,0,0,0,0,0,16701
2007,CO,14225,0,0,0,6844,0,0,0,0,0,0,0,0,0,0,0,0,0,0,0,0,0,0,0,0,0,0,1541
2007,CT,4482,0,0,0,3173,0,0,0,0,0,0,0,0,0,0,0,0,0,0,0,0,0,0,0,0,0,0,436
2007,DC,5320,0,0,0,3717,0,0,0,0,0,0,0,0,0,0,0,0,0,0,0,0,0,0,0,0,0,0,524
2007,DE,1061,0,0,0,716,0,0,0,0,0,0,0,0,0,0,0,0,0,0,0,0,0,0,0,0,0,0,204
2007,FL,48069,0,0,0,33040,0,0,0,0,0,0,0,0,0,0,0,0,0,0,0,0,0,0,0,0,0,0,5841
2007,GA,19639,0,0,0,12521,0,0,0,0,0,0,0,0,0,0,0,0,0,0,0,0,0,0,0,0,0,0,2243
2007,GU,725,0,0,0,254,0,0,0,0,0,0,0,0,0,0,0,0,0,0,0,0,0,0,0,0,0,0,0
2007,HI,6070,0,0,0,3335,0,0,0,0,0,0,0,0,0,0,0,0,0,0,0,0,0,0,0,0,0,0,223
2007,IA,2734,0,0,0,1504,0,0,0,0,0,0,0,0,0,0,0,0,0,0,0,0,0,0,0,0,0,0,162
2007,ID,1749,0,0,0,1102,0,0,0,0,0,0,0,0,0,0,0,0,0,0,0,0,0,0,0,0,0,0,102
2007,IL,15487,0,0,0,8653,0,0,0,0,0,0,0,0,0,0,0,0,0,0,0,0,0,0,0,0,0,0,1330
2007,IN,7358,0,0,0,4734,0,0,0,0,0,0,0,0,0,0,0,0,0,0,0,0,0,0,0,0,0,0,516
2007,KS,2111,0,0,0,1208,0,0,0,0,0,0,0,0,0,0,0,0,0,0,0,0,0,0,0,0,0,0,296
2007,KY,8061,0,0,0,3890,0,0,0,0,0,0,0,0,0,0,0,0,0,0,0,0,0,0,0,0,0,0,482
2007,LA,5494,0,0,0,2973,0,0,0,0,0,0,0,0,0,0,0,0,0,0,0,0,0,0,0,0,0,0,408
2007,MA,15127,0,0,0,8292,0,0,0,0,0,0,0,0,0,0,0,0,0,0,0,0,0,0,0,0,0,0,1252
2007,MD,9628,0,0,0,5052,0,0,0,0,0,0,0,0,0,0,0,0,0,0,0,0,0,0,0,0,0,0,572
2007,ME,2638,0,0,0,1136,0,0,0,0,0,0,0,0,0,0,0,0,0,0,0,0,0,0,0,0,0,0,119
2007,MI,28295,0,0,0,17553,0,0,0,0,0,0,0,0,0,0,0,0,0,0,0,0,0,0,0,0,0,0,876
2007,MN,7323,0,0,0,3269,0,0,0,0,0,0,0,0,0,0,0,0,0,0,0,0,0,0,0,0,0,0,551
2007,MO,6247,0,0,0,3336,0,0,0,0,0,0,0,0,0,0,0,0,0,0,0,0,0,0,0,0,0,0,416
2007,MS,1377,0,0,0,1115,0,0,0,0,0,0,0,0,0,0,0,0,0,0,0,0,0,0,0,0,0,0,161
2007,MT,1150,0,0,0,633,0,0,0,0,0,0,0,0,0,0,0,0,0,0,0,0,0,0,0,0,0,0,143
2007,NC,11802,0,0,0,8391,0,0,0,0,0,0,0,0,0,0,0,0,0,0,0,0,0,0,0,0,0,0,992
2007,ND,636,0,0,0,403,0,0,0,0,0,0,0,0,0,0,0,0,0,0,0,0,0,0,0,0,0,0,67
2007,NE,3531,0,0,0,2172,0,0,0,0,0,0,0,0,0,0,0,0,0,0,0,0,0,0,0,0,0,0,165
2007,NH,2248,0,0,0,1255,0,0,0,0,0,0,0,0,0,0,0,0,0,0,0,0,0,0,0,0,0,0,111
2007,NJ,17314,0,0,0,8972,0,0,0,0,0,0,0,0,0,0,0,0,0,0,0,0,0,0,0,0,0,0,618
2007,NM,3015,0,0,0,1861,0,0,0,0,0,0,0,0,0,0,0,0,0,0,0,0,0,0,0,0,0,0,163
2007,NV,8642,0,0,0,6477,0,0,0,0,0,0,0,0,0,0,0,0,0,0,0,0,0,0,0,0,0,0,1623
2007,NY,62601,0,0,0,28056,0,0,0,0,0,0,0,0,0,0,0,0,0,0,0,0,0,0,0,0,0,0,4742
2007,OH,11264,0,0,0,6870,0,0,0,0,0,0,0,0,0,0,0,0,0,0,0,0,0,0,0,0,0,0,1062
2007,OK,4221,0,0,0,2982,0,0,0,0,0,0,0,0,0,0,0,0,0,0,0,0,0,0,0,0,0,0,381
2007,OR,17590,0,0,0,9871,0,0,0,0,0,0,0,0,0,0,0,0,0,0,0,0,0,0,0,0,0,0,705
2007,PA,16220,0,0,0,8229,0,0,0,0,0,0,0,0,0,0,0,0,0,0,0,0,0,0,0,0,0,0,1805
2007,PR,4309,0,0,0,3914,0,0,0,0,0,0,0,0,0,0,0,0,0,0,0,0,0,0,0,0,0,0,104
2007,RI,1372,0,0,0,643,0,0,0,0,0,0,0,0,0,0,0,0,0,0,0,0,0,0,0,0,0,0,62
2007,SC,5660,0,0,0,3771,0,0,0,0,0,0,0,0,0,0,0,0,0,0,0,0,0,0,0,0,0,0,435
2007,SD,579,0,0,0,268,0,0,0,0,0,0,0,0,0,0,0,0,0,0,0,0,0,0,0,0,0,0,108
2007,TN,11210,0,0,0,8462,0,0,0,0,0,0,0,0,0,0,0,0,0,0,0,0,0,0,0,0,0,0,1028
2007,TX,39788,0,0,0,26306,0,0,0,0,0,0,0,0,0,0,0,0,0,0,0,0,0,0,0,0,0,0,5527
2007,UT,3011,0,0,0,1945,0,0,0,0,0,0,0,0,0,0,0,0,0,0,0,0,0,0,0,0,0,0,227
2007,VA,9746,0,0,0,5523,0,0,0,0,0,0,0,0,0,0,0,0,0,0,0,0,0,0,0,0,0,0,848
2007,VI,559,0,0,0,537,0,0,0,0,0,0,0,0,0,0,0,0,0,0,0,0,0,0,0,0,0,0,5
2007,VT,1035,0,0,0,599,0,0,0,0,0,0,0,0,0,0,0,0,0,0,0,0,0,0,0,0,0,0,64
2007,WA,23379,0,0,0,13289,0,0,0,0,0,0,0,0,0,0,0,0,0,0,0,0,0,0,0,0,0,0,1421
2007,WI,5648,0,0,0,2403,0,0,0,0,0,0,0,0,0,0,0,0,0,0,0,0,0,0,0,0,0,0,466
2007,WV,2409,0,0,0,1915,0,0,0,0,0,0,0,0,0,0,0,0,0,0,0,0,0,0,0,0,0,0,787
2007,WY,537,0,0,0,331,0,0,0,0,0,0,0,0,0,0,0,0,0,0,0,0,0,0,0,0,0,0,40
2008,AK,1646,0,0,0,1067,579,0,0,0,0,0,0,0,0,0,0,0,0,0,0,0,0,0,0,0,0,0,218
2008,AL,5387,0,0,0,4086,1301,0,0,0,0,0,0,0,0,0,0,0,0,0,0,0,0,0,0,0,0,0,801
2008,AR,3255,0,0,0,2625,630,0,0,0,0,0,0,0,0,0,0,0,0,0,0,0,0,0,0,0,0,0,235
2008,AZ,12488,0,0,0,8428,4060,0,0,0,0,0,0,0,0,0,0,0,0,0,0,0,0,0,0,0,0,0,736
2008,CA,136531,0,0,0,109050,27481,0,0,0,0,0,0,0,0,0,0,0,0,0,0,0,0,0,0,0,0,0,17276
2008,CO,14747,0,0,0,6260,8487,0,0,0,0,0,0,0,0,0,0,0,0,0,0,0,0,0,0,0,0,0,1608
2008,CT,4627,0,0,0,2773,1854,0,0,0,0,0,0,0,0,0,0,0,0,0,0,0,0,0,0,0,0,0,524
2008,DC,6044,0,0,0,4208,1836,0,0,0,0,0,0,0,0,0,0,0,0,0,0,0,0,0,0,0,0,0,667
2008,DE,933,0,0,0,652,281,0,0,0,0,0,0,0,0,0,0,0,0,0,0,0,0,0,0,0,0,0,127
2008,FL,50158,0,0,0,32959,17199,0,0,0,0,0,0,0,0,0,0,0,0,0,0,0,0,0,0,0,0,0,5780
2008,GA,19095,0,0,0,13728,5367,0,0,0,0,0,0,0,0,0,0,0,0,0,0,0,0,0,0,0,0,0,3336
2008,GU,725,0,0,0,254,471,0,0,0,0,0,0,0,0,0,0,0,0,0,0,0,0,0,0,0,0,0,3
2008,HI,6061,0,0,0,3326,2735,0,0,0,0,0,0,0,0,0,0,0,0,0,0,0,0,0,0,0,0,0,223
2008,IA,3346,0,0,0,1609,1737,0,0,0,0,0,0,0,0,0,0,0,0,0,0,0,0,0,0,0,0,0,284
2008,ID,1464,0,0,0,817,647,0,0,0,0,0,0,0,0,0,0,0,0,0,0,0,0,0,0,0,0,0,131
2008,IL,14724,0,0,0,8356,6368,0,0,0,0,0,0,0,0,0,0,0,0,0,0,0,0,0,0,0,0,0,1286
2008,IN,7395,0,0,0,4937,2458,0,0,0,0,0,0,0,0,0,0,0,0,0,0,0,0,0,0,0,0,0,535
2008,KS,1738,0,0,0,1080,658,0,0,0,0,0,0,0,0,0,0,0,0,0,0,0,0,0,0,0,0,0,313
2008,KY,8137,0,0,0,4344,3793,0,0,0,0,0,0,0,0,0,0,0,0,0,0,0,0,0,0,0,0,0,1046
2008,LA,5481,0,0,0,2894,2587,0,0,0,0,0,0,0,0,0,0,0,0,0,0,0,0,0,0,0,0,0,432
2008,MA,14506,0,0,0,7127,7379,0,0,0,0,0,0,0,0,0,0,0,0,0,0,0,0,0,0,0,0,0,1302
2008,MD,9219,0,0,0,4806,4413,0,0,0,0,0,0,0,0,0,0,0,0,0,0,0,0,0,0,0,0,0,541
2008,ME,2632,0,0,0,1241,1391,0,0,0,0,0,0,0,0,0,0,0,0,0,0,0,0,0,0,0,0,0,89
2008,MI,28248,0,0,0,17364,10884,0,0,0,0,0,0,0,0,0,0,0,0,0,0,0,0,0,0,0,0,0,832
2008,MN,7644,0,0,0,3388,4256,0,0,0,0,0,0,0,0,0,0,0,0,0,0,0,0,0,0,0,0,0,595
2008,MO,7687,0,0,0,4195,3492,0,0,0,0,0,0,0,0,0,0,0,0,0,0,0,0,0,0,0,0,0,377
2008,MS,1961,0,0,0,1697,264,0,0,0,0,0,0,0,0,0,0,0,0,0,0,0,0,0,0,0,0,0,197
2008,MT,1417,0,0,0,968,449,0,0,0,0,0,0,0,0,0,0,0,0,0,0,0,0,0,0,0,0,0,247
2008,NC,12411,0,0,0,8749,3662,0,0,0,0,0,0,0,0,0,0,0,0,0,0,0,0,0,0,0,0,0,1096
2008,ND,615,0,0,0,375,240,0,0,0,0,0,0,0,0,0,0,0,0,0,0,0,0,0,0,0,0,0,78
2008,NE,3985,0,0,0,2244,1741,0,0,0,0,0,0,0,0,0,0,0,0,0,0,0,0,0,0,0,0,0,144
2008,NH,2019,0,0,0,1172,847,0,0,0,0,0,0,0,0,0,0,0,0,0,0,0,0,0,0,0,0,0,208
2008,NJ,13832,0,0,0,6848,6984,0,0,0,0,0,0,0,0,0,0,0,0,0,0,0,0,0,0,0,0,0,847
2008,NM,3015,0,0,0,1861,1154,0,0,0,0,0,0,0,0,0,0,0,0,0,0,0,0,0,0,0,0,0,163
2008,NV,8726,0,0,0,6512,2214,0,0,0,0,0,0,0,0,0,0,0,0,0,0,0,0,0,0,0,0,0,1632
2008,NY,61125,0,0,0,25771,35354,0,0,0,0,0,0,0,0,0,0,0,0,0,0,0,0,0,0,0,0,0,4234
2008,OH,12912,0,0,0,7865,5047,0,0,0,0,0,0,0,0,0,0,0,0,0,0,0,0,0,0,0,0,0,1033
2008,OK,3846,0,0,0,2674,1172,0,0,0,0,0,0,0,0,0,0,0,0,0,0,0,0,0,0,0,0,0,354
2008,OR,20653,0,0,0,11548,9105,0,0,0,0,0,0,0,0,0,0,0,0,0,0,0,0,0,0,0,0,0,767
2008,PA,15378,0,0,0,7734,7644,0,0,0,0,0,0,0,0,0,0,0,0,0,0,0,0,0,0,0,0,0,1101
2008,PR,3012,0,0,0,2668,344,0,0,0,0,0,0,0,0,0,0,0,0,0,0,0,0,0,0,0,0,0,157
2008,RI,1196,0,0,0,714,482,0,0,0,0,0,0,0,0,0,0,0,0,0,0,0,0,0,0,0,0,0,99
2008,SC,5660,0,0,0,3809,1851,0,0,0,0,0,0,0,0,0,0,0,0,0,0,0,0,0,0,0,0,0,475
2008,SD,579,0,0,0,268,311,0,0,0,0,0,0,0,0,0,0,0,0,0,0,0,0,0,0,0,0,0,108
2008,TN,9705,0,0,0,7242,2463,0,0,0,0,0,0,0,0,0,0,0,0,0,0,0,0,0,0,0,0,0,903
2008,TX,40190,0,0,0,27950,12240,0,0,0,0,0,0,0,0,0,0,0,0,0,0,0,0,0,0,0,0,0,5982
2008,UT,3434,0,0,0,2018,1416,0,0,0,0,0,0,0,0,0,0,0,0,0,0,0,0,0,0,0,0,0,218
2008,VA,8469,0,0,0,4838,3631,0,0,0,0,0,0,0,0,0,0,0,0,0,0,0,0,0,0,0,0,0,898
2008,VI,602,0,0,0,566,36,0,0,0,0,0,0,0,0,0,0,0,0,0,0,0,0,0,0,0,0,0,19
2008,VT,954,0,0,0,627,327,0,0,0,0,0,0,0,0,0,0,0,0,0,0,0,0,0,0,0,0,0,32
2008,WA,21954,0,0,0,12156,9798,0,0,0,0,0,0,0,0,0,0,0,0,0,0,0,0,0,0,0,0,0,1330
2008,WI,5449,0,0,0,2285,3164,0,0,0,0,0,0,0,0,0,0,0,0,0,0,0,0,0,0,0,0,0,481
2008,WV,2016,0,0,0,1435,581,0,0,0,0,0,0,0,0,0,0,0,0,0,0,0,0,0,0,0,0,0,104
2008,WY,751,0,0,0,357,394,0,0,0,0,0,0,0,0,0,0,0,0,0,0,0,0,0,0,0,0,0,19
2009,AK,1992,0,0,0,1239,753,0,0,0,0,0,0,0,0,0,0,0,0,0,0,0,0,0,0,0,0,0,259
2009,AL,6080,0,0,0,4686,1394,0,0,0,0,0,0,0,0,0,0,0,0,0,0,0,0,0,0,0,0,0,1063
2009,AR,2852,0,0,0,2181,671,0,0,0,0,0,0,0,0,0,0,0,0,0,0,0,0,0,0,0,0,0,249
2009,AZ,14721,0,0,0,9959,4762,0,0,0,0,0,0,0,0,0,0,0,0,0,0,0,0,0,0,0,0,0,2343
2009,CA,123678,0,0,0,97534,26144,0,0,0,0,0,0,0,0,0,0,0,0,0,0,0,0,0,0,0,0,0,17973
2009,CO,15268,0,0,0,7401,7867,0,0,0,0,0,0,0,0,0,0,0,0,0,0,0,0,0,0,0,0,0,1471
2009,CT,4605,0,0,0,2773,1832,0,0,0,0,0,0,0,0,0,0,0,0,0,0,0,0,0,0,0,0,0,462
2009,DC,6228,0,0,0,3934,2294,0,0,0,0,0,0,0,0,0,0,0,0,0,0,0,0,0,0,0,0,0,642
2009,DE,1130,0,0,0,776,354,0,0,0,0,0,0,0,0,0,0,0,0,0,0,0,0,0,0,0,0,0,100
2009,FL,55599,0,0,0,34432,21167,0,0,0,0,0,0,0,0,0,0,0,0,0,0,0,0,0,0,0,0,0,7135
2009,GA,20360,0,0,0,14365,5995,0,0,0,0,0,0,0,0,0,0,0,0,0,0,0,0,0,0,0,0,0,2760
2009,GU,1088,0,0,0,391,697,0,0,0,0,0,0,0,0,0,0,0,0,0,0,0,0,0,0,0,0,0,22
2009,HI,5782,0,0,0,2941,2841,0,0,0,0,0,0,0,0,0,0,0,0,0,0,0,0,0,0,0,0,0,499
2009,IA,3380,0,0,0,1655,1725,0,0,0,0,0,0,0,0,0,0,0,0,0,0,0,0,0,0,0,0,0,270
2009,ID,1939,0,0,0,1117,822,0,0,0,0,0,0,0,0,0,0,0,0,0,0,0,0,0,0,0,0,0,270
2009,IL,14055,0,0,0,7475,6580,0,0,0,0,0,0,0,0,0,0,0,0,0,0,0,0,0,0,0,0,0,1028
2009,IN,6984,0,0,0,4151,2833,0,0,0,0,0,0,0,0,0,0,0,0,0,0,0,0,0,0,0,0,0,740
2009,KS,1892,0,0,0,1238,654,0,0,0,0,0,0,0,0,0,0,0,0,0,0,0,0,0,0,0,0,0,638
2009,KY,5999,0,0,0,3302,2697,0,0,0,0,0,0,0,0,0,0,0,0,0,0,0,0,0,0,0,0,0,675
2009,LA,12504,0,0,0,10098,2406,0,0,0,0,0,0,0,0,0,0,0,0,0,0,0,0,0,0,0,0,0,1985
2009,MA,15482,0,0,0,7057,8425,0,0,0,0,0,0,0,0,0,0,0,0,0,0,0,0,0,0,0,0,0,1890
2009,MD,11698,0,0,0,6641,5057,0,0,0,0,0,0,0,0,0,0,0,0,0,0,0,0,0,0,0,0,0,932
2009,ME,2444,0,0,0,1124,1320,0,0,0,0,0,0,0,0,0,0,0,0,0,0,0,0,0,0,0,0,0,123
2009,MI,14005,0,0,0,7857,6148,0,0,0,0,0,0,0,0,0,0,0,0,0,0,0,0,0,0,0,0,0,1054
2009,MN,7718,0,0,0,3393,4325,0,0,0,0,0,0,0,0,0,0,0,0,0,0,0,0,0,0,0,0,0,525
2009,MO,6959,0,0,0,3823,3136,0,0,0,0,0,0,0,0,0,0,0,0,0,0,0,0,0,0,0,0,0,699
2009,MS,2797,0,0,0,1843,954,0,0,0,0,0,0,0,0,0,0,0,0,0,0,0,0,0,0,0,0,0,358
2009,MT,1196,0,0,0,752,444,0,0,0,0,0,0,0,0,0,0,0,0,0,0,0,0,0,0,0,0,0,206
2009,NC,12918,0,0,0,9159,3759,0,0,0,0,0,0,0,0,0,0,0,0,0,0,0,0,0,0,0,0,0,1118
2009,ND,773,0,0,0,548,225,0,0,0,0,0,0,0,0,0,0,0,0,0,0,0,0,0,0,0,0,0,168
2009,NE,3718,0,0,0,2072,1646,0,0,0,0,0,0,0,0,0,0,0,0,0,0,0,0,0,0,0,0,0,298
2009,NH,1645,0,0,0,891,754,0,0,0,0,0,0,0,0,0,0,0,0,0,0,0,0,0,0,0,0,0,167
2009,NJ,13169,0,0,0,5962,7207,0,0,0,0,0,0,0,0,0,0,0,0,0,0,0,0,0,0,0,0,0,618
2009,NM,3475,0,0,0,2343,1132,0,0,0,0,0,0,0,0,0,0,0,0,0,0,0,0,0,0,0,0,0,408
2009,NV,11089,0,0,0,9394,1695,0,0,0,0,0,0,0,0,0,0,0,0,0,0,0,0,0,0,0,0,0,1936
2009,NY,61067,0,0,0,24557,36510,0,0,0,0,0,0,0,0,0,0,0,0,0,0,0,0,0,0,0,0,0,5879
2009,OH,12700,0,0,0,7774,4926,0,0,0,0,0,0,0,0,0,0,0,0,0,0,0,0,0,0,0,0,0,1390
2009,OK,4838,0,0,0,3227,1611,0,0,0,0,0,0,0,0,0,0,0,0,0,0,0,0,0,0,0,0,0,475
2009,OR,17309,0,0,0,10443,6866,0,0,0,0,0,0,0,0,0,0,0,0,0,0,0,0,0,0,0,0,0,1277
2009,PA,15096,0,0,0,7384,7712,0,0,0,0,0,0,0,0,0,0,0,0,0,0,0,0,0,0,0,0,0,1440
2009,PR,4070,0,0,0,3730,340,0,0,0,0,0,0,0,0,0,0,0,0,0,0,0,0,0,0,0,0,0,97
2009,RI,1607,0,0,0,1139,468,0,0,0,0,0,0,0,0,0,0,0,0,0,0,0,0,0,0,0,0,0,120
2009,SC,4473,0,0,0,3194,1279,0,0,0,0,0,0,0,0,0,0,0,0,0,0,0,0,0,0,0,0,0,629
2009,SD,731,0,0,0,445,286,0,0,0,0,0,0,0,0,0,0,0,0,0,0,0,0,0,0,0,0,0,160
2009,TN,10532,0,0,0,8048,2484,0,0,0,0,0,0,0,0,0,0,0,0,0,0,0,0,0,0,0,0,0,1142
2009,TX,36761,0,0,0,22564,14197,0,0,0,0,0,0,0,0,0,0,0,0,0,0,0,0,0,0,0,0,0,5491
2009,UT,3795,0,0,0,2242,1553,0,0,0,0,0,0,0,0,0,0,0,0,0,0,0,0,0,0,0,0,0,166
2009,VA,8852,0,0,0,5066,3786,0,0,0,0,0,0,0,0,0,0,0,0,0,0,0,0,0,0,0,0,0,960
2009,VI,471,0,0,0,430,41,0,0,0,0,0,0,0,0,0,0,0,0,0,0,0,0,0,0,0,0,0,32
2009,VT,1214,0,0,0,693,521,0,0,0,0,0,0,0,0,0,0,0,0,0,0,0,0,0,0,0,0,0,61
2009,WA,22782,0,0,0,12086,10696,0,0,0,0,0,0,0,0,0,0,0,0,0,0,0,0,0,0,0,0,0,1963
2009,WI,6525,0,0,0,3161,3364,0,0,0,0,0,0,0,0,0,0,0,0,0,0,0,0,0,0,0,0,0,608
2009,WV,1667,0,0,0,1101,566,0,0,0,0,0,0,0,0,0,0,0,0,0,0,0,0,0,0,0,0,0,271
2009,WY,515,0,0,0,340,175,0,0,0,0,0,0,0,0,0,0,0,0,0,0,0,0,0,0,0,0,0,117
2010,AK,1863,0,0,0,1118,745,0,0,0,0,0,0,0,0,0,0,0,0,0,0,0,0,0,0,0,0,0,300
2010,AL,6046,0,0,0,4553,1493,0,0,0,0,0,0,0,0,0,0,0,0,0,0,0,0,0,0,0,0,0,1089
2010,AR,2762,0,0,0,2120,642,0,0,0,0,0,0,0,0,0,0,0,0,0,0,0,0,0,0,0,0,0,362
2010,AZ,13711,0,0,0,9226,4485,0,0,0,0,0,0,0,0,0,0,0,0,0,0,0,0,0,0,0,0,0,2230
2010,CA,123480,0,0,0,96940,26540,0,0,0,0,0,0,0,0,0,0,0,0,0,0,0,0,0,0,0,0,0,17604
2010,CO,15482,0,0,0,7574,7908,0,0,0,0,0,0,0,0,0,0,0,0,0,0,0,0,0,0,0,0,0,1316
2010,CT,4316,0,0,0,2993,1323,0,0,0,0,0,0,0,0,0,0,0,0,0,0,0,0,0,0,0,0,0,483
2010,DC,6539,0,0,0,4016,2523,0,0,0,0,0,0,0,0,0,0,0,0,0,0,0,0,0,0,0,0,0,579
2010,DE,982,0,0,0,681,301,0,0,0,0,0,0,0,0,0,0,0,0,0,0,0,0,0,0,0,0,0,74
2010,FL,57551,0,0,0,35738,21813,0,0,0,0,0,0,0,0,0,0,0,0,0,0,0,0,0,0,0,0,0,7794
2010,GA,19836,0,0,0,14377,5459,0,0,0,0,0,0,0,0,0,0,0,0,0,0,0,0,0,0,0,0,0,2766
2010,GU,1635,0,0,0,534,1101,0,0,0,0,0,0,0,0,0,0,0,0,0,0,0,0,0,0,0,0,0,27
2010,HI,5834,0,0,0,2889,2945,0,0,0,0,0,0,0,0,0,0,0,0,0,0,0,0,0,0,0,0,0,419
2010,IA,3014,0,0,0,1528,1486,0,0,0,0,0,0,0,0,0,0,0,0,0,0,0,0,0,0,0,0,0,221
2010,ID,2346,0,0,0,1445,901,0,0,0,0,0,0,0,0,0,0,0,0,0,0,0,0,0,0,0,0,0,239
2010,IL,14395,0,0,0,7568,6827,0,0,0,0,0,0,0,0,0,0,0,0,0,0,0,0,0,0,0,0,0,1133
2010,IN,6452,0,0,0,3588,2864,0,0,0,0,0,0,0,0,0,0,0,0,0,0,0,0,0,0,0,0,0,767
2010,KS,2024,0,0,0,1318,706,0,0,0,0,0,0,0,0,0,0,0,0,0,0,0,0,0,0,0,0,0,711
2010,KY,6623,0,0,0,4125,2498,0,0,0,0,0,0,0,0,0,0,0,0,0,0,0,0,0,0,0,0,0,619
2010,LA,12482,0,0,0,10101,2381,0,0,0,0,0,0,0,0,0,0,0,0,0,0,0,0,0,0,0,0,0,2015
2010,MA,16646,0,0,0,6403,10243,0,0,0,0,0,0,0,0,0,0,0,0,0,0,0,0,0,0,0,0,0,1597
2010,MD,10845,0,0,0,5999,4846,0,0,0,0,0,0,0,0,0,0,0,0,0,0,0,0,0,0,0,0,0,910
2010,ME,2379,0,0,0,1061,1318,0,0,0,0,0,0,0,0,0,0,0,0,0,0,0,0,0,0,0,0,0,108
2010,MI,13058,0,0,0,7365,5693,0,0,0,0,0,0,0,0,0,0,0,0,0,0,0,0,0,0,0,0,0,964
2010,MN,7869,0,0,0,3605,4264,0,0,0,0,0,0,0,0,0,0,0,0,0,0,0,0,0,0,0,0,0,644
2010,MO,8122,0,0,0,4427,3695,0,0,0,0,0,0,0,0,0,0,0,0,0,0,0,0,0,0,0,0,0,759
2010,MS,2743,0,0,0,1924,819,0,0,0,0,0,0,0,0,0,0,0,0,0,0,0,0,0,0,0,0,0,339
2010,MT,1615,0,0,0,890,725,0,0,0,0,0,0,0,0,0,0,0,0,0,0,0,0,0,0,0,0,0,262
2010,NC,12191,0,0,0,8361,3830,0,0,0,0,0,0,0,0,0,0,0,0,0,0,0,0,0,0,0,0,0,1084
2010,ND,799,0,0,0,539,260,0,0,0,0,0,0,0,0,0,0,0,0,0,0,0,0,0,0,0,0,0,119
2010,NE,3877,0,0,0,2423,1454,0,0,0,0,0,0,0,0,0,0,0,0,0,0,0,0,0,0,0,0,0,305
2010,NH,1574,0,0,0,943,631,0,0,0,0,0,0,0,0,0,0,0,0,0,0,0,0,0,0,0,0,0,173
2010,NJ,13737,0,0,0,6520,7217,0,0,0,0,0,0,0,0,0,0,0,0,0,0,0,0,0,0,0,0,0,567
2010,NM,3475,0,0,0,2343,1132,0,0,0,0,0,0,0,0,0,0,0,0,0,0,0,0,0,0,0,0,0,441
2010,NV,11205,0,0,0,9565,1640,0,0,0,0,0,0,0,0,0,0,0,0,0,0,0,0,0,0,0,0,0,1843
2010,NY,65606,0,0,0,26293,39313,0,0,0,0,0,0,0,0,0,0,0,0,0,0,0,0,0,0,0,0,0,5857
2010,OH,12569,0,0,0,7719,4850,0,0,0,0,0,0,0,0,0,0,0,0,0,0,0,0,0,0,0,0,0,1527
2010,OK,5229,0,0,0,3317,1912,0,0,0,0,0,0,0,0,0,0,0,0,0,0,0,0,0,0,0,0,0,474
2010,OR,19492,0,0,0,10731,8761,0,0,0,0,0,0,0,0,0,0,0,0,0,0,0,0,0,0,0,0,0,1285
2010,PA,14516,0,0,0,7191,7325,0,0,0,0,0,0,0,0,0,0,0,0,0,0,0,0,0,0,0,0,0,1441
2010,PR,4149,0,0,0,3721,428,0,0,0,0,0,0,0,0,0,0,0,0,0,0,0,0,0,0,0,0,0,106
2010,RI,1282,0,0,0,704,578,0,0,0,0,0,0,0,0,0,0,0,0,0,0,0,0,0,0,0,0,0,91
2010,SC,4473,0,0,0,3194,1279,0,0,0,0,0,0,0,0,0,0,0,0,0,0,0,0,0,0,0,0,0,687
2010,SD,731,0,0,0,445,286,0,0,0,0,0,0,0,0,0,0,0,0,0,0,0,0,0,0,0,0,0,135
2010,TN,10276,0,0,0,7623,2653,0,0,0,0,0,0,0,0,0,0,0,0,0,0,0,0,0,0,0,0,0,1679
2010,TX,35121,0,0,0,24078,11043,0,0,0,0,0,0,0,0,0,0,0,0,0,0,0,0,0,0,0,0,0,5133
2010,UT,3284,0,0,0,1926,1358,0,0,0,0,0,0,0,0,0,0,0,0,0,0,0,0,0,0,0,0,0,342
2010,VA,9080,0,0,0,5338,3742,0,0,0,0,0,0,0,0,0,0,0,0,0,0,0,0,0,0,0,0,0,995
2010,VI,487,0,0,0,468,19,0,0,0,0,0,0,0,0,0,0,0,0,0,0,0,0,0,0,0,0,0,42
2010,VT,1220,0,0,0,797,423,0,0,0,0,0,0,0,0,0,0,0,0,0,0,0,0,0,0,0,0,0,117
2010,WA,22878,0,0,0,11901,10977,0,0,0,0,0,0,0,0,0,0,0,0,0,0,0,0,0,0,0,0,0,2043
2010,WI,6333,0,0,0,3040,3293,0,0,0,0,0,0,0,0,0,0,0,0,0,0,0,0,0,0,0,0,0,609
2010,WV,2264,0,0,0,1527,737,0,0,0,0,0,0,0,0,0,0,0,0,0,0,0,0,0,0,0,0,0,576
2010,WY,579,0,0,0,327,252,0,0,0,0,0,0,0,0,0,0,0,0,0,0,0,0,0,0,0,0,0,85
2011,AK,2128,0,0,0,1286,842,0,0,0,0,0,0,0,0,0,0,0,0,0,0,0,0,0,0,0,0,0,288
2011,AL,5558,0,0,0,4325,1233,0,0,0,0,0,0,0,0,0,0,0,0,0,0,0,0,0,0,0,0,0,659
2011,AR,3424,0,0,0,2505,919,0,0,0,0,0,0,0,0,0,0,0,0,0,0,0,0,0,0,0,0,0,411
2011,AZ,10504,0,0,0,6403,4101,0,0,0,0,0,0,0,0,0,0,0,0,0,0,0,0,0,0,0,0,0,1528
2011,CA,125128,0,0,0,97964,27164,0,0,0,0,0,0,0,0,0,0,0,0,0,0,0,0,0,0,0,0,0,16783
2011,CO,15116,0,0,0,4546,10570,0,0,0,0,0,0,0,0,0,0,0,0,0,0,0,0,0,0,0,0,0,2074
2011,CT,4456,0,0,0,3071,1385,0,0,0,0,0,0,0,0,0,0,0,0,0,0,0,0,0,0,0,0,0,443
2011,DC,6546,0,0,0,3858,2688,0,0,0,0,0,0,0,0,0,0,0,0,0,0,0,0,0,0,0,0,0,515
2011,DE,1035,0,0,0,663,372,0,0,0,0,0,0,0,0,0,0,0,0,0,0,0,0,0,0,0,0,0,55
2011,FL,56687,0,0,0,37584,19103,0,0,0,0,0,0,0,0,0,0,0,0,0,0,0,0,0,0,0,0,0,5644
2011,GA,20975,0,0,0,15975,5000,0,0,0,0,0,0,0,0,0,0,0,0,0,0,0,0,0,0,0,0,0,2243
2011,GU,1745,0,0,0,279,1466,0,0,0,0,0,0,0,0,0,0,0,0,0,0,0,0,0,0,0,0,0,33
2011,HI,6188,0,0,0,3195,2993,0,0,0,0,0,0,0,0,0,0,0,0,0,0,0,0,0,0,0,0,0,505
2011,IA,3134,0,0,0,1628,1506,0,0,0,0,0,0,0,0,0,0,0,0,0,0,0,0,0,0,0,0,0,267
2011,ID,2199,0,0,0,1310,889,0,0,0,0,0,0,0,0,0,0,0,0,0,0,0,0,0,0,0,0,0,250
2011,IL,14009,0,0,0,8173,5836,0,0,0,0,0,0,0,0,0,0,0,0,0,0,0,0,0,0,0,0,0,1081
2011,IN,6196,0,0,0,3789,2407,0,0,0,0,0,0,0,0,0,0,0,0,0,0,0,0,0,0,0,0,0,714
2011,KS,2511,0,0,0,1425,1086,0,0,0,0,0,0,0,0,0,0,0,0,0,0,0,0,0,0,0,0,0,384
2011,KY,6034,0,0,0,3842,2192,0,0,0,0,0,0,0,0,0,0,0,0,0,0,0,0,0,0,0,0,0,636
2011,LA,9291,0,0,0,7941,1350,0,0,0,0,0,0,0,0,0,0,0,0,0,0,0,0,0,0,0,0,0,950
2011,MA,16664,0,0,0,6344,10320,0,0,0,0,0,0,0,0,0,0,0,0,0,0,0,0,0,0,0,0,0,1268
2011,MD,10208,0,0,0,6353,3855,0,0,0,0,0,0,0,0,0,0,0,0,0,0,0,0,0,0,0,0,0,696
2011,ME,2447,0,0,0,1184,1263,0,0,0,0,0,0,0,0,0,0,0,0,0,0,0,0,0,0,0,0,0,127
2011,MI,13185,0,0,0,7634,5551,0,0,0,0,0,0,0,0,0,0,0,0,0,0,0,0,0,0,0,0,0,959
2011,MN,7495,0,0,0,3410,4085,0,0,0,0,0,0,0,0,0,0,0,0,0,0,0,0,0,0,0,0,0,449
2011,MO,8989,0,0,0,4657,4332,0,0,0,0,0,0,0,0,0,0,0,0,0,0,0,0,0,0,0,0,0,852
2011,MS,2306,0,0,0,1825,481,0,0,0,0,0,0,0,0,0,0,0,0,0,0,0,0,0,0,0,0,0,205
2011,MT,1768,0,0,0,1094,674,0,0,0,0,0,0,0,0,0,0,0,0,0,0,0,0,0,0,0,0,0,251
2011,NC,12896,0,0,0,8303,4593,0,0,0,0,0,0,0,0,0,0,0,0,0,0,0,0,0,0,0,0,0,1248
2011,ND,603,0,0,0,396,207,0,0,0,0,0,0,0,0,0,0,0,0,0,0,0,0,0,0,0,0,0,124
2011,NE,3548,0,0,0,2210,1338,0,0,0,0,0,0,0,0,0,0,0,0,0,0,0,0,0,0,0,0,0,310
2011,NH,1469,0,0,0,820,649,0,0,0,0,0,0,0,0,0,0,0,0,0,0,0,0,0,0,0,0,0,126
2011,NJ,14137,0,0,0,6841,7296,0,0,0,0,0,0,0,0,0,0,0,0,0,0,0,0,0,0,0,0,0,811
2011,NM,3601,0,0,0,2246,1355,0,0,0,0,0,0,0,0,0,0,0,0,0,0,0,0,0,0,0,0,0,364
2011,NV,9150,0,0,0,7973,1177,0,0,0,0,0,0,0,0,0,0,0,0,0,0,0,0,0,0,0,0,0,1240
2011,NY,63445,0,0,0,27338,36107,0,0,0,0,0,0,0,0,0,0,0,0,0,0,0,0,0,0,0,0,0,5765
2011,OH,13030,0,0,0,7812,5218,0,0,0,0,0,0,0,0,0,0,0,0,0,0,0,0,0,0,0,0,0,1279
2011,OK,4625,0,0,0,3236,1389,0,0,0,0,0,0,0,0,0,0,0,0,0,0,0,0,0,0,0,0,0,356
2011,OR,17254,0,0,0,9445,7809,0,0,0,0,0,0,0,0,0,0,0,0,0,0,0,0,0,0,0,0,0,1474
2011,PA,15096,0,0,0,7867,7229,0,0,0,0,0,0,0,0,0,0,0,0,0,0,0,0,0,0,0,0,0,1392
2011,PR,2900,0,0,0,2346,554,0,0,0,0,0,0,0,0,0,0,0,0,0,0,0,0,0,0,0,0,0,137
2011,RI,1070,0,0,0,652,418,0,0,0,0,0,0,0,0,0,0,0,0,0,0,0,0,0,0,0,0,0,123
2011,SC,5093,0,0,0,3505,1588,0,0,0,0,0,0,0,0,0,0,0,0,0,0,0,0,0,0,0,0,0,612
2011,SD,826,0,0,0,460,366,0,0,0,0,0,0,0,0,0,0,0,0,0,0,0,0,0,0,0,0,0,109
2011,TN,9113,0,0,0,6475,2638,0,0,0,0,0,0,0,0,0,0,0,0,0,0,0,0,0,0,0,0,0,965
2011,TX,36911,0,0,0,23577,13334,0,0,0,0,0,0,0,0,0,0,0,0,0,0,0,0,0,0,0,0,0,4891
2011,UT,3130,0,0,0,1842,1288,0,0,0,0,0,0,0,0,0,0,0,0,0,0,0,0,0,0,0,0,0,345
2011,VA,8816,0,0,0,5231,3585,0,0,0,0,0,0,0,0,0,0,0,0,0,0,0,0,0,0,0,0,0,931
2011,VI,532,0,0,0,450,82,0,0,0,0,0,0,0,0,0,0,0,0,0,0,0,0,0,0,0,0,0,32
2011,VT,1144,0,0,0,637,507,0,0,0,0,0,0,0,0,0,0,0,0,0,0,0,0,0,0,0,0,0,81
2011,WA,20439,0,0,0,10868,9571,0,0,0,0,0,0,0,0,0,0,0,0,0,0,0,0,0,0,0,0,0,1478
2011,WI,5785,0,0,0,2838,2947,0,0,0,0,0,0,0,0,0,0,0,0,0,0,0,0,0,0,0,0,0,607
2011,WV,2211,0,0,0,1662,549,0,0,0,0,0,0,0,0,0,0,0,0,0,0,0,0,0,0,0,0,0,302
2011,WY,1038,0,0,0,320,718,0,0,0,0,0,0,0,0,0,0,0,0,0,0,0,0,0,0,0,0,0,83
2012,AK,1913,0,0,0,1298,615,0,0,0,0,0,0,0,0,0,0,0,0,0,0,0,0,0,0,0,0,0,256
2012,AL,5209,0,0,0,3825,1384,0,0,0,0,0,0,0,0,0,0,0,0,0,0,0,0,0,0,0,0,0,526
2012,AR,4214,0,0,0,3428,786,0,0,0,0,0,0,0,0,0,0,0,0,0,0,0,0,0,0,0,0,0,362
2012,AZ,11302,0,0,0,6310,4992,0,0,0,0,0,0,0,0,0,0,0,0,0,0,0,0,0,0,0,0,0,1478
2012,CA,120098,0,0,0,94888,25210,0,0,0,0,0,0,0,0,0,0,0,0,0,0,0,0,0,0,0,0,0,14611
2012,CO,16768,0,0,0,5101,11667,0,0,0,0,0,0,0,0,0,0,0,0,0,0,0,0,0,0,0,0,0,1512
2012,CT,4209,0,0,0,2906,1303,0,0,0,0,0,0,0,0,0,0,0,0,0,0,0,0,0,0,0,0,0,332
2012,DC,6954,0,0,0,3767,3187,0,0,0,0,0,0,0,0,0,0,0,0,0,0,0,0,0,0,0,0,0,531
2012,DE,1008,0,0,0,611,397,0,0,0,0,0,0,0,0,0,0,0,0,0,0,0,0,0,0,0,0,0,66
2012,FL,55170,0,0,0,36771,18399,0,0,0,0,0,0,0,0,0,0,0,0,0,0,0,0,0,0,0,0,0,5331
2012,GA,20516,0,0,0,15363,5153,0,0,0,0,0,0,0,0,0,0,0,0,0,0,0,0,0,0,0,0,0,2297
2012,GU,1301,0,0,0,255,1046,0,0,0,0,0,0,0,0,0,0,0,0,0,0,0,0,0,0,0,0,0,31
2012,HI,6246,0,0,0,3130,3116,0,0,0,0,0,0,0,0,0,0,0,0,0,0,0,0,0,0,0,0,0,507
2012,IA,2928,0,0,0,1446,1482,0,0,0,0,0,0,0,0,0,0,0,0,0,0,0,0,0,0,0,0,0,217
2012,ID,1968,0,0,0,1175,793,0,0,0,0,0,0,0,0,0,0,0,0,0,0,0,0,0,0,0,0,0,260
2012,IL,14144,0,0,0,8269,5875,0,0,0,0,0,0,0,0,0,0,0,0,0,0,0,0,0,0,0,0,0,1147
2012,IN,6259,0,0,0,3316,2943,0,0,0,0,0,0,0,0,0,0,0,0,0,0,0,0,0,0,0,0,0,687
2012,KS,2684,0,0,0,1526,1158,0,0,0,0,0,0,0,0,0,0,0,0,0,0,0,0,0,0,0,0,0,373
2012,KY,5230,0,0,0,3282,1948,0,0,0,0,0,0,0,0,0,0,0,0,0,0,0,0,0,0,0,0,0,440
2012,LA,7772,0,0,0,6322,1450,0,0,0,0,0,0,0,0,0,0,0,0,0,0,0,0,0,0,0,0,0,899
2012,MA,17501,0,0,0,6289,11212,0,0,0,0,0,0,0,0,0,0,0,0,0,0,0,0,0,0,0,0,0,1181
2012,MD,9454,0,0,0,5727,3727,0,0,0,0,0,0,0,0,0,0,0,0,0,0,0,0,0,0,0,0,0,617
2012,ME,2393,0,0,0,1287,1106,0,0,0,0,0,0,0,0,0,0,0,0,0,0,0,0,0,0,0,0,0,116
2012,MI,12592,0,0,0,7397,5195,0,0,0,0,0,0,0,0,0,0,0,0,0,0,0,0,0,0,0,0,0,1017
2012,MN,7744,0,0,0,3540,4204,0,0,0,0,0,0,0,0,0,0,0,0,0,0,0,0,0,0,0,0,0,309
2012,MO,10237,0,0,0,4855,5382,0,0,0,0,0,0,0,0,0,0,0,0,0,0,0,0,0,0,0,0,0,899
2012,MS,2413,0,0,0,1794,619,0,0,0,0,0,0,0,0,0,0,0,0,0,0,0,0,0,0,0,0,0,244
2012,MT,1833,0,0,0,1166,667,0,0,0,0,0,0,0,0,0,0,0,0,0,0,0,0,0,0,0,0,0,323
2012,NC,13524,0,0,0,8480,5044,0,0,0,0,0,0,0,0,0,0,0,0,0,0,0,0,0,0,0,0,0,1413
2012,ND,688,0,0,0,485,203,0,0,0,0,0,0,0,0,0,0,0,0,0,0,0,0,0,0,0,0,0,160
2012,NE,3789,0,0,0,2215,1574,0,0,0,0,0,0,0,0,0,0,0,0,0,0,0,0,0,0,0,0,0,249
2012,NH,1496,0,0,0,832,664,0,0,0,0,0,0,0,0,0,0,0,0,0,0,0,0,0,0,0,0,0,127
2012,NJ,13025,0,0,0,6603,6422,0,0,0,0,0,0,0,0,0,0,0,0,0,0,0,0,0,0,0,0,0,592
2012,NM,3245,0,0,0,2136,1109,0,0,0,0,0,0,0,0,0,0,0,0,0,0,0,0,0,0,0,0,0,345
2012,NV,8497,0,0,0,7493,1004,0,0,0,0,0,0,0,0,0,0,0,0,0,0,0,0,0,0,0,0,0,1229
2012,NY,69566,0,0,0,30133,39433,0,0,0,0,0,0,0,0,0,0,0,0,0,0,0,0,0,0,0,0,0,4961
2012,OH,13977,0,0,0,7855,6122,0,0,0,0,0,0,0,0,0,0,0,0,0,0,0,0,0,0,0,0,0,1244
2012,OK,5032,0,0,0,3454,1578,0,0,0,0,0,0,0,0,0,0,0,0,0,0,0,0,0,0,0,0,0,404
2012,OR,15828,0,0,0,9788,6040,0,0,0,0,0,0,0,0,0,0,0,0,0,0,0,0,0,0,0,0,0,1356
2012,PA,14736,0,0,0,7295,7441,0,0,0,0,0,0,0,0,0,0,0,0,0,0,0,0,0,0,0,0,0,1456
2012,PR,3212,0,0,0,2494,718,0,0,0,0,0,0,0,0,0,0,0,0,0,0,0,0,0,0,0,0,0,116
2012,RI,1277,0,0,0,788,489,0,0,0,0,0,0,0,0,0,0,0,0,0,0,0,0,0,0,0,0,0,96
2012,SC,4915,0,0,0,3327,1588,0,0,0,0,0,0,0,0,0,0,0,0,0,0,0,0,0,0,0,0,0,543
2012,SD,859,0,0,0,512,347,0,0,0,0,0,0,0,0,0,0,0,0,0,0,0,0,0,0,0,0,0,124
2012,TN,9426,0,0,0,6905,2521,0,0,0,0,0,0,0,0,0,0,0,0,0,0,0,0,0,0,0,0,0,1285
2012,TX,34052,0,0,0,20743,13309,0,0,0,0,0,0,0,0,0,0,0,0,0,0,0,0,0,0,0,0,0,4364
2012,UT,3527,0,0,0,2049,1478,0,0,0,0,0,0,0,0,0,0,0,0,0,0,0,0,0,0,0,0,0,330
2012,VA,8424,0,0,0,5084,3340,0,0,0,0,0,0,0,0,0,0,0,0,0,0,0,0,0,0,0,0,0,881
2012,VI,484,0,0,0,438,46,0,0,0,0,0,0,0,0,0,0,0,0,0,0,0,0,0,0,0,0,0,33
2012,VT,1160,0,0,0,653,507,0,0,0,0,0,0,0,0,0,0,0,0,0,0,0,0,0,0,0,0,0,109
2012,WA,20504,0,0,0,11273,9231,0,0,0,0,0,0,0,0,0,0,0,0,0,0,0,0,0,0,0,0,0,1475
2012,WI,6027,0,0,0,3033,2994,0,0,0,0,0,0,0,0,0,0,0,0,0,0,0,0,0,0,0,0,0,539
2012,WV,2410,0,0,0,1742,668,0,0,0,0,0,0,0,0,0,0,0,0,0,0,0,0,0,0,0,0,0,268
2012,WY,1813,0,0,0,1302,511,0,0,0,0,0,0,0,0,0,0,0,0,0,0,0,0,0,0,0,0,0,311
2013,AK,1946,369,189,1388,1362,584,0,0,0,0,0,0,0,0,0,0,0,0,0,0,0,0,0,0,0,0,0,210
2013,AL,4689,694,506,3489,3387,1302,0,0,0,0,0,0,0,0,0,0,0,0,0,0,0,0,0,0,0,0,0,511
2013,AR,3812,429,350,3033,3174,638,0,0,0,0,0,0,0,0,0,0,0,0,0,0,0,0,0,0,0,0,0,462
2013,AZ,10562,2598,942,7022,6510,4052,0,0,0,0,0,0,0,0,0,0,0,0,0,0,0,0,0,0,0,0,0,1222
2013,CA,118552,16097,14366,88089,93458,25094,0,0,0,0,0,0,0,0,0,0,0,0,0,0,0,0,0,0,0,0,0,12895
2013,CO,9754,2710,1066,5978,4664,5090,0,0,0,0,0,0,0,0,0,0,0,0,0,0,0,0,0,0,0,0,0,685
2013,CT,4448,813,342,3293,3101,1347,0,0,0,0,0,0,0,0,0,0,0,0,0,0,0,0,0,0,0,0,0,341
2013,DC,6865,1874,604,4387,3696,3169,0,0,0,0,0,0,0,0,0,0,0,0,0,0,0,0,0,0,0,0,0,499
2013,DE,946,240,61,645,575,371,0,0,0,0,0,0,0,0,0,0,0,0,0,0,0,0,0,0,0,0,0,89
2013,FL,47862,10872,4115,32875,31359,16503,0,0,0,0,0,0,0,0,0,0,0,0,0,0,0,0,0,0,0,0,0,5505
2013,GA,16971,2633,1401,12937,12880,4091,0,0,0,0,0,0,0,0,0,0,0,0,0,0,0,0,0,0,0,0,0,1805
2013,GU,1271,515,147,609,296,975,0,0,0,0,0,0,0,0,0,0,0,0,0,0,0,0,0,0,0,0,0,32
2013,HI,6335,1691,437,4207,3355,2980,0,0,0,0,0,0,0,0,0,0,0,0,0,0,0,0,0,0,0,0,0,558
2013,IA,3084,1016,328,1740,1524,1560,0,0,0,0,0,0,0,0,0,0,0,0,0,0,0,0,0,0,0,0,0,229
2013,ID,1781,450,162,1169,1084,697,0,0,0,0,0,0,0,0,0,0,0,0,0,0,0,0,0,0,0,0,0,208
2013,IL,13425,3506,1452,8467,7958,5467,0,0,0,0,0,0,0,0,0,0,0,0,0,0,0,0,0,0,0,0,0,1267
2013,IN,6096,1543,449,4104,3751,2345,0,0,0,0,0,0,0,0,0,0,0,0,0,0,0,0,0,0,0,0,0,743
2013,KS,2693,739,197,1757,1480,1213,0,0,0,0,0,0,0,0,0,0,0,0,0,0,0,0,0,0,0,0,0,414
2013,KY,5245,1202,524,3519,3302,1943,0,0,0,0,0,0,0,0,0,0,0,0,0,0,0,0,0,0,0,0,0,607
2013,LA,5226,941,534,3751,3908,1318,0,0,0,0,0,0,0,0,0,0,0,0,0,0,0,0,0,0,0,0,0,575
2013,MA,19029,7259,1953,9817,6694,12335,0,0,0,0,0,0,0,0,0,0,0,0,0,0,0,0,0,0,0,0,0,1253
2013,MD,8205,1863,596,5746,5221,2984,0,0,0,0,0,0,0,0,0,0,0,0,0,0,0,0,0,0,0,0,0,673
2013,ME,3016,910,349,1757,1563,1453,0,0,0,0,0,0,0,0,0,0,0,0,0,0,0,0,0,0,0,0,0,164
2013,MI,11527,2861,1295,7371,7236,4291,0,0,0,0,0,0,0,0,0,0,0,0,0,0,0,0,0,0,0,0,0,1100
2013,MN,8214,2990,984,4240,3728,4486,0,0,0,0,0,0,0,0,0,0,0,0,0,0,0,0,0,0,0,0,0,349
2013,MO,8581,2462,864,5255,4652,3929,0,0,0,0,0,0,0,0,0,0,0,0,0,0,0,0,0,0,0,0,0,843
2013,MS,2403,428,329,1646,1753,650,0,0,0,0,0,0,0,0,0,0,0,0,0,0,0,0,0,0,0,0,0,210
2013,MT,1878,385,213,1280,1211,667,0,0,0,0,0,0,0,0,0,0,0,0,0,0,0,0,0,0,0,0,0,309
2013,NC,12168,2911,1219,8038,7530,4638,0,0,0,0,0,0,0,0,0,0,0,0,0,0,0,0,0,0,0,0,0,1123
2013,ND,2069,507,266,1296,1230,839,0,0,0,0,0,0,0,0,0,0,0,0,0,0,0,0,0,0,0,0,0,241
2013,NE,3145,801,383,1961,1892,1253,0,0,0,0,0,0,0,0,0,0,0,0,0,0,0,0,0,0,0,0,0,183
2013,NH,1447,379,187,881,798,649,0,0,0,0,0,0,0,0,0,0,0,0,0,0,0,0,0,0,0,0,0,125
2013,NJ,12002,3944,1174,6884,6093,5909,0,0,0,0,0,0,0,0,0,0,0,0,0,0,0,0,0,0,0,0,0,540
2013,NM,2819,723,413,1683,1786,1033,0,0,0,0,0,0,0,0,0,0,0,0,0,0,0,0,0,0,0,0,0,243
2013,NV,7039,959,1101,4979,6200,839,0,0,0,0,0,0,0,0,0,0,0,0,0,0,0,0,0,0,0,0,0,790
2013,NY,77430,27251,8386,41793,31235,46195,0,0,0,0,0,0,0,0,0,0,0,0,0,0,0,0,0,0,0,0,0,4659
2013,OH,12325,3005,1349,7971,7611,4714,0,0,0,0,0,0,0,0,0,0,0,0,0,0,0,0,0,0,0,0,0,1212
2013,OK,4408,880,449,3079,3179,1229,0,0,0,0,0,0,0,0,0,0,0,0,0,0,0,0,0,0,0,0,0,437
2013,OR,13822,3123,1368,9331,8994,4828,0,0,0,0,0,0,0,0,0,0,0,0,0,0,0,0,0,0,0,0,0,1494
2013,PA,15086,4467,1590,9029,7973,7113,0,0,0,0,0,0,0,0,0,0,0,0,0,0,0,0,0,0,0,0,0,1462
2013,PR,4128,365,203,3560,3470,658,0,0,0,0,0,0,0,0,0,0,0,0,0,0,0,0,0,0,0,0,0,82
2013,RI,1384,334,120,930,862,522,0,0,0,0,0,0,0,0,0,0,0,0,0,0,0,0,0,0,0,0,0,97
2013,SC,6544,1139,436,4969,4736,1808,0,0,0,0,0,0,0,0,0,0,0,0,0,0,0,0,0,0,0,0,0,636
2013,SD,1094,400,95,599,557,537,0,0,0,0,0,0,0,0,0,0,0,0,0,0,0,0,0,0,0,0,0,125
2013,TN,9528,1483,654,7391,6909,2619,0,0,0,0,0,0,0,0,0,0,0,0,0,0,0,0,0,0,0,0,0,991
2013,TX,29615,5478,2056,22081,20758,8857,0,0,0,0,0,0,0,0,0,0,0,0,0,0,0,0,0,0,0,0,0,3878
2013,UT,3277,858,219,2200,1959,1318,0,0,0,0,0,0,0,0,0,0,0,0,0,0,0,0,0,0,0,0,0,327
2013,VA,7625,1939,544,5142,4532,3093,0,0,0,0,0,0,0,0,0,0,0,0,0,0,0,0,0,0,0,0,0,719
2013,VI,482,24,24,434,444,38,0,0,0,0,0,0,0,0,0,0,0,0,0,0,0,0,0,0,0,0,0,33
2013,VT,1454,430,176,848,701,753,0,0,0,0,0,0,0,0,0,0,0,0,0,0,0,0,0,0,0,0,0,128
2013,WA,17760,4039,1574,12147,10617,7143,0,0,0,0,0,0,0,0,0,0,0,0,0,0,0,0,0,0,0,0,0,1318
2013,WI,6104,1980,669,3455,3005,3099,0,0,0,0,0,0,0,0,0,0,0,0,0,0,0,0,0,0,0,0,0,552
2013,WV,2240,414,290,1536,1544,696,0,0,0,0,0,0,0,0,0,0,0,0,0,0,0,0,0,0,0,0,0,329
2013,WY,953,223,98,632,677,276,0,0,0,0,0,0,0,0,0,0,0,0,0,0,0,0,0,0,0,0,0,137
2014,AK,1784,397,202,1185,1209,575,0,0,0,0,0,0,0,0,0,0,0,0,0,0,0,0,0,0,0,0,0,178
2014,AL,4561,772,366,3423,3115,1446,0,0,0,0,0,0,0,0,0,0,0,0,0,0,0,0,0,0,0,0,0,542
2014,AR,2936,355,315,2266,2303,633,0,0,0,0,0,0,0,0,0,0,0,0,0,0,0,0,0,0,0,0,0,361
2014,AZ,10495,2679,1024,6792,6194,4301,0,0,0,0,0,0,0,0,0,0,0,0,0,0,0,0,0,0,0,0,0,858
2014,CA,113952,15057,13853,85042,90765,23187,0,0,0,0,0,0,0,0,0,0,0,0,0,0,0,0,0,0,0,0,0,12096
2014,CO,10028,2835,1004,6189,5573,4455,0,0,0,0,0,0,0,0,0,0,0,0,0,0,0,0,0,0,0,0,0,753
2014,CT,4450,836,308,3306,3069,1381,0,0,0,0,0,0,0,0,0,0,0,0,0,0,0,0,0,0,0,0,0,295
2014,DC,7748,2241,837,4670,3953,3795,0,0,0,0,0,0,0,0,0,0,0,0,0,0,0,0,0,0,0,0,0,406
2014,DE,901,220,51,630,584,317,0,0,0,0,0,0,0,0,0,0,0,0,0,0,0,0,0,0,0,0,0,93
2014,FL,41542,8579,3522,29441,28730,12812,0,0,0,0,0,0,0,0,0,0,0,0,0,0,0,0,0,0,0,0,0,4552
2014,GA,16521,2716,1246,12559,12403,4118,0,0,0,0,0,0,0,0,0,0,0,0,0,0,0,0,0,0,0,0,0,1443
2014,GU,1356,535,149,672,332,1024,0,0,0,0,0,0,0,0,0,0,0,0,0,0,0,0,0,0,0,0,0,36
2014,HI,6918,1864,507,4547,3750,3168,0,0,0,0,0,0,0,0,0,0,0,0,0,0,0,0,0,0,0,0,0,593
2014,IA,3122,1030,311,1781,1544,1578,0,0,0,0,0,0,0,0,0,0,0,0,0,0,0,0,0,0,0,0,0,202
2014,ID,2104,518,186,1400,1234,870,0,0,0,0,0,0,0,0,0,0,0,0,0,0,0,0,0,0,0,0,0,215
2014,IL,13107,3592,1450,8065,7350,5757,0,0,0,0,0,0,0,0,0,0,0,0,0,0,0,0,0,0,0,0,0,1234
2014,IN,5971,1277,546,4148,3953,2018,0,0,0,0,0,0,0,0,0,0,0,0,0,0,0,0,0,0,0,0,0,725
2014,KS,2783,707,192,1884,1533,1250,0,0,0,0,0,0,0,0,0,0,0,0,0,0,0,0,0,0,0,0,0,393
2014,KY,5089,1073,484,3532,3352,1737,0,0,0,0,0,0,0,0,0,0,0,0,0,0,0,0,0,0,0,0,0,600
2014,LA,4606,860,470,3276,3444,1162,0,0,0,0,0,0,0,0,0,0,0,0,0,0,0,0,0,0,0,0,0,437
2014,MA,21237,8916,1975,10346,6788,14449,0,0,0,0,0,0,0,0,0,0,0,0,0,0,0,0,0,0,0,0,0,1264
2014,MD,7856,1812,592,5452,4980,2876,0,0,0,0,0,0,0,0,0,0,0,0,0,0,0,0,0,0,0,0,0,654
2014,ME,2726,793,315,1618,1348,1378,0,0,0,0,0,0,0,0,0,0,0,0,0,0,0,0,0,0,0,0,0,152
2014,MI,12227,3145,1396,7686,7535,4692,0,0,0,0,0,0,0,0,0,0,0,0,0,0,0,0,0,0,0,0,0,1122
2014,MN,8377,3034,983,4360,3652,4725,0,0,0,0,0,0,0,0,0,0,0,0,0,0,0,0,0,0,0,0,0,317
2014,MO,7282,1910,594,4778,4307,2975,0,0,0,0,0,0,0,0,0,0,0,0,0,0,0,0,0,0,0,0,0,652
2014,MS,2226,355,184,1687,1714,512,0,0,0,0,0,0,0,0,0,0,0,0,0,0,0,0,0,0,0,0,0,279
2014,MT,1745,354,232,1159,1167,578,0,0,0,0,0,0,0,0,0,0,0,0,0,0,0,0,0,0,0,0,0,256
2014,NC,11491,2548,1028,7915,7498,3993,0,0,0,0,0,0,0,0,0,0,0,0,0,0,0,0,0,0,0,0,0,1164
2014,ND,1258,217,129,912,886,372,0,0,0,0,0,0,0,0,0,0,0,0,0,0,0,0,0,0,0,0,0,151
2014,NE,3026,765,311,1950,1893,1133,0,0,0,0,0,0,0,0,0,0,0,0,0,0,0,0,0,0,0,0,0,241
2014,NH,1376,329,139,908,795,581,0,0,0,0,0,0,0,0,0,0,0,0,0,0,0,0,0,0,0,0,0,171
2014,NJ,11671,3287,1198,7186,6446,5225,0,0,0,0,0,0,0,0,0,0,0,0,0,0,0,0,0,0,0,0,0,630
2014,NM,2746,750,243,1753,1804,942,0,0,0,0,0,0,0,0,0,0,0,0,0,0,0,0,0,0,0,0,0,318
2014,NV,8582,1542,1206,5834,7356,1226,0,0,0,0,0,0,0,0,0,0,0,0,0,0,0,0,0,0,0,0,0,1036
2014,NY,80590,28588,8608,43394,32643,47947,0,0,0,0,0,0,0,0,0,0,0,0,0,0,0,0,0,0,0,0,0,2542
2014,OH,11823,2599,1236,7988,7704,4119,0,0,0,0,0,0,0,0,0,0,0,0,0,0,0,0,0,0,0,0,0,1236
2014,OK,4191,749,420,3022,2964,1227,0,0,0,0,0,0,0,0,0,0,0,0,0,0,0,0,0,0,0,0,0,408
2014,OR,12164,2685,1174,8305,7988,4176,0,0,0,0,0,0,0,0,0,0,0,0,0,0,0,0,0,0,0,0,0,1292
2014,PA,15333,4287,1775,9271,8359,6974,0,0,0,0,0,0,0,0,0,0,0,0,0,0,0,0,0,0,0,0,0,1411
2014,PR,4132,398,209,3525,3432,700,0,0,0,0,0,0,0,0,0,0,0,0,0,0,0,0,0,0,0,0,0,87
2014,RI,1190,251,99,840,779,411,0,0,0,0,0,0,0,0,0,0,0,0,0,0,0,0,0,0,0,0,0,108
2014,SC,5057,858,366,3833,3813,1244,0,0,0,0,0,0,0,0,0,0,0,0,0,0,0,0,0,0,0,0,0,703
2014,SD,885,247,79,559,490,395,0,0,0,0,0,0,0,0,0,0,0,0,0,0,0,0,0,0,0,0,0,132
2014,TN,9415,1390,738,7287,6800,2615,0,0,0,0,0,0,0,0,0,0,0,0,0,0,0,0,0,0,0,0,0,1142
2014,TX,28495,5873,2143,20479,19177,9318,0,0,0,0,0,0,0,0,0,0,0,0,0,0,0,0,0,0,0,0,0,2718
2014,UT,3081,880,207,1994,1729,1352,0,0,0,0,0,0,0,0,0,0,0,0,0,0,0,0,0,0,0,0,0,317
2014,VA,7020,1750,599,4671,4234,2786,0,0,0,0,0,0,0,0,0,0,0,0,0,0,0,0,0,0,0,0,0,620
2014,VI,448,14,16,418,425,23,0,0,0,0,0,0,0,0,0,0,0,0,0,0,0,0,0,0,0,0,0,32
2014,VT,1559,422,197,940,823,736,0,0,0,0,0,0,0,0,0,0,0,0,0,0,0,0,0,0,0,0,0,120
2014,WA,18442,4360,1752,12330,11390,7052,0,0,0,0,0,0,0,0,0,0,0,0,0,0,0,0,0,0,0,0,0,1433
2014,WI,6055,1970,624,3461,2929,3126,0,0,0,0,0,0,0,0,0,0,0,0,0,0,0,0,0,0,0,0,0,520
2014,WV,2013,298,182,1533,1488,525,0,0,0,0,0,0,0,0,0,0,0,0,0,0,0,0,0,0,0,0,0,333
2014,WY,757,182,71,504,463,294,0,0,0,0,0,0,0,0,0,0,0,0,0,0,0,0,0,0,0,0,0,116
2015,AK,1956,411,197,1348,1342,614,94,745,144,18,883,62,104,40,550,101,15,615,13,48,54,195,43,3,268,49,56,180
2015,AL,3970,716,271,2983,2868,1102,69,1813,2090,5,19,1,42,51,1413,1411,2,17,0,25,18,400,679,3,2,1,17,474
2015,AR,2560,417,243,1900,1833,727,417,1543,903,7,32,29,46,195,1045,736,3,20,7,22,222,498,167,4,12,22,24,456
2015,AZ,9896,2124,824,6948,6548,3348,2380,6697,1761,57,849,57,475,1173,4797,962,49,506,44,190,1207,1900,799,8,343,13,285,1220
2015,CA,115738,13657,11645,90436,93156,22582,31555,64340,32262,2146,4762,1225,11003,22526,52371,25402,1783,3632,898,9070,9029,11969,6860,363,1130,327,1933,11311
2015,CO,9953,2528,808,6617,5729,4224,2947,6638,1948,90,477,34,766,1159,4128,920,32,280,17,352,1788,2510,1028,58,197,17,414,950
2015,CT,4047,827,234,2986,2719,1328,1124,2164,1570,38,50,124,101,613,1567,951,27,44,81,49,511,597,619,11,6,43,52,282
2015,DC,7298,2056,736,4506,3821,3477,384,443,6595,62,28,12,158,269,401,3239,35,24,8,114,115,42,3356,27,4,4,44,408
2015,DE,953,227,81,645,602,351,54,369,513,3,11,3,54,35,304,268,3,11,2,14,19,65,245,0,0,1,40,79
2015,FL,35900,6539,2451,26910,26325,9575,4988,20921,13165,122,376,112,1204,3155,16527,8525,89,342,87,755,1833,4394,4640,33,34,25,449,3926
2015,GA,13790,2500,812,10478,9702,4088,701,4307,8955,40,30,51,407,379,3190,6175,30,22,48,237,322,1117,2780,10,8,3,170,1548
2015,GU,1280,520,123,637,306,974,6,11,4,46,1,1191,27,4,11,4,22,1,260,8,2,0,0,24,0,931,19,23
2015,HI,7620,1918,531,5171,4307,3313,941,1852,263,477,95,2978,1955,512,1635,208,376,74,1128,886,429,217,55,101,21,1850,1069,692
2015,IA,3081,1030,318,1733,1501,1580,248,1972,803,16,68,17,205,91,1154,271,10,20,3,43,157,818,532,6,48,14,162,207
2015,ID,1966,484,160,1322,1172,794,237,1733,69,11,109,16,28,77,1032,40,6,74,8,12,160,701,29,5,35,8,16,249
2015,IL,13177,3187,1349,8641,8152,5025,1799,4690,7798,100,53,20,516,1129,3279,4558,50,40,11,214,670,1411,3240,50,13,9,302,1226
2015,IN,5863,1261,492,4110,3914,1949,216,3496,2085,17,44,16,205,146,2579,1196,12,39,9,79,70,917,889,5,5,7,126,790
2015,KS,2588,705,175,1708,1466,1122,268,1664,639,12,108,8,157,79,984,314,7,70,8,83,189,680,325,5,38,0,74,311
2015,KY,4538,861,352,3325,3151,1387,135,3088,1193,7,38,15,197,86,2179,852,6,27,13,74,49,909,341,1,11,2,123,591
2015,LA,4081,581,443,3057,3217,864,99,1536,2395,21,50,14,65,88,1369,1735,17,41,10,45,11,167,660,4,9,4,20,392
2015,MA,21135,8583,2047,10505,6378,14757,7415,11922,7175,206,100,144,1588,1160,4066,1467,71,51,30,693,6255,7856,5708,135,49,114,895,1133
2015,MD,8390,1908,664,5818,5383,3007,503,3016,4920,58,53,36,307,261,2279,2864,37,40,30,133,242,737,2056,21,13,6,174,714
2015,ME,2372,637,245,1490,1219,1153,75,2036,213,6,25,8,84,33,1076,78,6,19,6,34,42,960,135,0,6,2,50,151
2015,MI,10516,2686,1224,6606,6546,3970,530,4612,5343,29,79,22,431,223,3085,3197,24,42,13,185,307,1527,2146,5,37,9,246,1067
2015,MN,7546,2607,993,3946,3622,3924,609,2641,3466,117,663,29,630,260,1595,1444,41,296,13,233,349,1046,2022,76,367,16,397,297
2015,MO,6482,1903,678,3901,3434,3048,253,3550,2565,21,41,26,279,109,2071,1195,17,27,10,114,144,1479,1370,4,14,16,165,540
2015,MS,1983,340,105,1538,1475,508,21,577,1372,2,10,14,8,16,460,989,2,8,8,8,5,117,383,0,2,6,0,206
2015,MT,1709,374,225,1110,1127,582,130,1281,38,0,321,5,64,63,888,25,0,166,5,43,67,393,13,0,155,0,21,277
2015,NC,10685,2295,841,7549,7156,3529,538,4494,5711,57,173,17,233,283,3329,3587,42,85,10,103,255,1165,2124,15,88,7,130,1092
2015,ND,1305,265,152,888,864,441,90,774,232,16,184,5,94,64,551,134,11,105,5,58,26,223,98,5,79,0,36,137
2015,NE,2744,635,292,1817,1720,1024,397,1831,586,25,119,16,167,195,1180,370,15,78,8,69,202,651,216,10,41,8,98,247
2015,NH,1445,382,142,921,778,667,120,1312,64,6,2,1,60,26,735,32,1,2,1,7,94,577,32,5,0,0,53,138
2015,NJ,10098,2404,1074,6620,6189,3909,1819,4336,5562,97,23,34,46,886,2900,3179,63,9,20,18,933,1436,2383,34,14,14,28,696
2015,NM,2629,701,205,1723,1666,963,1112,1728,213,12,587,17,72,570,1132,135,8,352,7,32,542,596,78,4,235,10,40,278
2015,NV,8743,1395,1573,5775,7858,885,1414,4605,3213,235,187,73,430,1257,4212,2814,223,160,70,379,157,393,399,12,27,3,51,860
2015,NY,88250,31005,8944,48301,36135,52115,28023,21705,60103,879,822,1368,3373,9079,10832,22517,481,320,598,1387,18944,10873,37586,398,502,770,1986,2399
2015,OH,11182,2241,1082,7859,7565,3617,383,5532,5084,35,59,18,454,231,3895,3392,20,45,17,196,152,1637,1692,15,14,1,258,1183
2015,OK,3777,691,467,2619,2781,996,249,2458,732,7,411,11,158,155,1823,528,7,299,6,118,94,635,204,0,112,5,40,351
2015,OR,13226,2545,1228,9453,9461,3765,1545,10704,847,133,599,164,779,842,7736,629,91,440,108,457,703,2968,218,42,159,56,322,1464
2015,PA,15421,4312,1592,9517,8605,6816,2120,6486,8202,77,77,32,547,1183,4215,4103,53,70,17,147,937,2271,4099,24,7,15,400,1375
2015,PR,4518,363,248,3907,3929,589,4367,1894,717,1,50,17,1839,3796,1676,659,1,42,17,1534,571,218,58,0,8,0,305,164
2015,RI,1111,252,89,770,706,405,280,765,287,4,7,2,46,105,528,143,3,7,2,23,175,237,144,1,0,0,23,107
2015,SC,5354,782,301,4271,3934,1420,138,2253,2926,11,43,19,102,77,1777,2015,10,27,9,96,61,476,911,1,16,10,6,681
2015,SD,1036,266,139,631,630,406,16,403,87,3,524,3,16,14,283,44,2,289,3,9,2,120,43,1,235,0,7,177
2015,TN,9123,1625,836,6662,6516,2607,192,5370,3488,22,66,24,153,124,4053,2281,19,51,15,97,68,1317,1207,3,15,9,56,945
2015,TX,23678,4529,1712,17437,16265,7413,6928,13713,8603,145,424,104,689,3942,9604,5743,100,347,81,390,2986,4109,2860,45,77,23,299,2393
2015,UT,3025,764,199,2062,1809,1216,660,2359,311,35,128,74,118,273,1473,178,17,70,22,49,387,886,133,18,58,52,69,337
2015,VA,7001,1769,576,4656,4190,2811,484,2703,3761,110,62,17,348,222,1842,2073,45,47,9,174,262,861,1688,65,15,8,174,604
2015,VI,337,19,14,304,308,29,29,42,260,2,8,0,25,29,42,232,1,8,0,25,0,0,28,1,0,0,0,34
2015,VT,1523,356,180,987,910,613,47,1363,134,3,5,3,15,30,806,91,3,2,3,5,17,557,43,0,3,0,10,119
2015,WA,19419,4162,1881,13376,12526,6893,2738,11860,4095,369,871,491,1733,1492,8253,2216,273,665,159,960,1246,3607,1879,96,206,332,773,1293
2015,WI,6057,1987,550,3520,2992,3065,513,3276,2153,55,224,44,305,143,1901,937,23,57,1,73,370,1375,1216,32,167,43,232,534
2015,WV,1835,268,171,1396,1414,421,39,1495,289,1,9,3,38,19,1176,213,1,5,0,19,20,319,76,0,4,3,19,305
2015,WY,798,187,59,552,500,298,129,628,30,0,97,1,42,71,402,23,0,57,1,17,58,226,7,0,40,0,25,112
2016,AK,1940,274,173,1493,1527,413,143,739,147,44,786,53,171,99,622,102,38,633,9,123,44,117,45,6,153,44,48,168
2016,AL,4111,681,304,3126,3019,1092,84,1714,2251,4,49,8,85,48,1297,1611,4,43,6,58,36,417,640,0,6,2,27,373
2016,AR,2463,432,197,1834,1838,625,86,1451,894,10,21,8,79,71,1009,750,5,19,3,52,15,442,144,5,2,5,27,222
2016,AZ,9707,2022,733,6952,6659,3048,2365,6562,1792,53,809,67,424,1266,4847,937,42,554,60,219,1099,1715,855,11,255,7,205,1036
2016,CA,118142,12828,12160,93154,97660,20482,32705,67669,32434,1836,4179,1284,10740,23836,56006,26541,1452,3487,978,9196,8869,11663,5893,384,692,306,1544,9612
2016,CO,10550,2327,983,7240,6450,4100,2947,7239,1882,78,527,61,763,1211,4667,916,28,392,37,410,1736,2572,966,50,135,24,353,1181
2016,CT,3902,831,203,2868,2570,1332,1106,2095,1535,32,54,73,113,584,1529,900,21,35,39,46,522,566,635,11,19,34,67,216
2016,DC,8350,2732,920,4698,3683,4667,434,439,7689,35,38,16,133,278,372,3140,27,32,10,102,156,67,4549,8,6,6,31,350
2016,DE,1070,196,69,805,753,317,59,406,617,1,1,3,42,31,345,380,1,1,3,23,28,61,237,0,0,0,19,107
2016,FL,33559,6140,2238,25181,24201,9358,4704,19369,12594,116,294,73,1113,2959,14930,8353,89,256,60,513,1745,4439,4241,27,38,13,600,2902
2016,GA,12909,2237,907,9765,9265,3644,643,3822,8571,54,64,51,347,362,2796,6067,23,63,45,271,281,1026,2504,31,1,6,76,1055
2016,GU,1085,470,103,512,227,858,24,11,4,17,0,1033,20,10,8,4,15,0,191,9,14,3,0,2,0,842,11,21
2016,HI,7921,1941,531,5449,4590,3331,932,1820,269,396,114,3374,1948,508,1551,234,330,94,1432,949,424,269,35,66,20,1942,999,670
2016,IA,3064,1013,285,1766,1543,1521,298,1869,898,18,73,5,201,90,1136,312,13,35,5,42,208,733,586,5,38,0,159,170
2016,ID,2247,578,195,1474,1284,963,271,1928,76,9,133,23,78,98,1125,37,9,71,14,28,173,803,39,0,62,9,50,267
2016,IL,11590,2892,1130,7568,6986,4604,1249,4214,6858,123,54,18,323,631,2844,3878,57,29,14,164,618,1370,2980,66,25,4,159,949
2016,IN,5798,1319,448,4031,3824,1974,221,3587,1911,24,41,17,218,119,2616,1058,16,35,15,84,102,971,853,8,6,2,134,663
2016,KS,2255,639,115,1501,1228,1027,236,1505,513,18,65,2,152,126,875,239,10,46,2,56,110,630,274,8,19,0,96,169
2016,KY,4237,787,330,3120,2949,1288,169,2895,1103,3,30,18,188,88,2124,730,2,17,9,67,81,771,373,1,13,9,121,512
2016,LA,3994,608,405,2981,3176,818,181,1482,2319,12,30,10,141,136,1262,1766,10,29,10,99,45,220,553,2,1,0,42,400
2016,MA,19608,7764,1492,10352,6434,13174,6948,11029,6154,129,80,83,2133,1319,3912,1428,60,56,38,940,5629,7117,4726,69,24,45,1193,949
2016,MD,7689,1705,463,5521,4983,2706,719,2688,4620,34,55,19,273,572,2125,2634,26,32,17,149,147,563,1986,8,23,2,124,555
2016,ME,2241,580,201,1460,1321,920,70,1872,237,9,42,5,76,28,1153,95,9,30,2,32,42,719,142,0,12,3,44,146
2016,MI,9316,2381,956,5979,5803,3513,524,4112,4637,31,89,33,414,211,2783,2750,21,49,15,185,313,1329,1887,10,40,18,229,822
2016,MN,7341,2563,934,3844,3669,3672,678,2780,3306,82,709,72,392,261,1743,1331,45,355,61,134,417,1037,1975,37,354,11,258,279
2016,MO,6194,1676,614,3904,3810,2384,262,3457,2312,23,108,18,276,145,2230,1360,19,93,10,98,117,1227,952,4,15,8,178,575
2016,MS,1738,266,114,1358,1299,439,20,647,1054,7,22,3,5,14,508,768,5,11,3,4,6,139,286,2,11,0,1,144
2016,MT,1418,350,123,945,844,574,112,877,25,1,366,6,143,55,557,14,0,188,5,80,57,320,11,1,178,1,63,165
2016,NC,9559,1994,650,6915,6396,3163,432,3974,5072,31,145,15,322,200,2916,3202,26,78,9,165,232,1058,1870,5,67,6,157,888
2016,ND,923,154,86,683,662,261,79,510,129,5,218,1,60,46,400,79,2,152,0,29,33,110,50,3,66,1,31,116
2016,NE,2754,590,258,1906,1880,874,362,1858,570,11,67,6,242,200,1351,358,8,42,6,115,162,507,212,3,25,0,127,219
2016,NH,1366,321,139,906,827,539,119,1183,94,2,3,2,82,37,763,37,1,3,2,21,82,420,57,1,0,0,61,123
2016,NJ,8895,2086,850,5959,5540,3355,1796,3835,4682,56,79,53,190,918,2574,2739,50,50,28,99,878,1261,1943,6,29,25,91,556
2016,NM,2263,529,210,1524,1556,707,877,1273,181,18,576,16,199,499,892,125,12,407,9,111,378,381,56,6,169,7,88,214
2016,NV,7398,639,1424,5335,6853,545,950,4329,2196,189,167,132,385,821,4082,1944,189,149,132,357,129,247,252,0,18,0,28,851
2016,NY,86352,30122,8816,47414,35315,51037,39128,19365,55779,945,659,1208,8396,11054,9134,23819,485,289,516,1072,28074,10231,31960,460,370,692,7324,1248
2016,OH,10404,2229,944,7231,6946,3458,333,5176,4632,38,50,9,499,203,3554,3073,23,42,9,245,130,1622,1559,15,8,0,254,930
2016,OK,4107,764,427,2916,2997,1110,214,2504,880,25,539,7,152,114,1899,615,16,362,7,98,100,605,265,9,177,0,54,358
2016,OR,13238,2566,1188,9484,9379,3859,1418,10733,839,85,559,146,876,746,7636,606,57,451,80,549,672,3097,233,28,108,66,327,1341
2016,PA,15339,4342,1488,9509,8599,6740,1677,6647,7899,63,61,27,642,805,4372,3880,47,39,15,246,872,2275,4019,16,22,12,396,1136
2016,PR,4418,377,228,3813,3799,619,4300,1909,738,4,51,14,1702,3696,1622,692,4,46,14,1421,604,287,46,0,5,0,281,146
2016,RI,1160,195,89,876,859,301,236,767,291,15,17,3,67,117,616,187,9,15,3,29,119,151,104,6,2,0,38,89
2016,SC,5051,820,325,3906,3758,1293,127,2159,2626,21,28,17,200,57,1771,1817,11,20,7,132,70,388,809,10,8,10,68,738
2016,SD,1072,329,128,615,548,524,46,322,72,2,624,5,47,16,195,41,1,289,3,19,30,127,31,1,335,2,28,120
2016,TN,8779,1298,543,6938,6652,2127,238,5140,3363,23,47,15,191,144,4040,2434,18,38,15,107,94,1100,929,5,9,0,84,831
2016,TX,23122,4615,1596,16911,15959,7163,5942,12795,8143,233,843,79,1029,3365,9178,5328,165,731,51,506,2577,3617,2815,68,112,28,523,1768
2016,UT,2807,638,179,1990,1828,979,584,2239,242,29,147,32,118,296,1517,151,14,83,13,50,288,722,91,15,64,19,68,335
2016,VA,6268,1432,478,4358,3959,2309,561,2545,3337,84,37,11,254,246,1799,1979,25,29,11,116,315,746,1358,59,8,0,138,515
2016,VI,341,22,8,311,308,33,37,51,257,1,6,1,25,28,51,224,1,6,1,25,9,0,33,0,0,0,0,32
2016,VT,1117,263,125,729,655,462,77,968,88,6,12,0,43,13,584,45,6,7,0,13,64,384,43,0,5,0,30,110
2016,WA,20827,4038,1767,15022,13900,6927,2963,12298,4069,470,1123,485,2382,1520,8855,2319,344,861,221,1300,1443,3443,1750,126,262,264,1082,1484
2016,WI,5685,1809,558,3318,2886,2799,474,3030,2041,45,204,13,352,165,1814,882,23,59,8,100,309,1216,1159,22,145,5,252,415
2016,WV,1387,220,110,1057,1039,348,18,1112,216,1,6,1,51,9,846,166,1,6,1,19,9,266,50,0,0,0,32,143
2016,WY,857,195,61,601,517,340,121,660,39,2,128,0,28,61,382,23,0,93,0,19,60,278,16,2,35,0,9,87
2017,AK,1845,305,186,1354,1354,491,102,641,147,20,770,69,198,56,538,98,17,569,20,112,46,103,49,3,201,49,86,124
2017,AL,3793,528,300,2965,2985,808,72,1587,2064,9,21,1,111,50,1287,1578,9,20,1,90,22,300,486,0,1,0,21,269
2017,AR,2467,265,209,1993,2068,399,62,1447,892,9,24,7,88,56,1211,761,7,22,4,63,6,236,131,2,2,3,25,239
2017,AZ,8947,1607,660,6680,6488,2459,2071,6086,1611,51,704,46,449,1139,4697,927,34,512,39,279,932,1389,684,17,192,7,170,970
2017,CA,131532,14207,13276,104049,110260,21272,41492,68784,42282,2490,5663,1459,10854,32652,58145,34965,2133,4945,1143,8929,8840,10639,7317,357,718,316,1925,11436
2017,CO,10940,2164,913,7863,7571,3369,2798,7778,1788,51,546,45,732,1493,5556,1121,39,439,30,386,1305,2222,667,12,107,15,346,1078
2017,CT,3388,736,259,2393,2208,1180,973,1752,1343,34,22,43,194,545,1278,768,17,16,27,102,428,474,575,17,6,16,92,191
2017,DC,7473,2286,682,4505,3583,3890,494,481,6712,40,25,21,194,253,425,2979,36,22,14,107,241,56,3733,4,3,7,87,285
2017,DE,994,240,69,685,615,379,82,398,544,4,1,5,42,32,297,294,2,1,1,20,50,101,250,2,0,4,22,91
2017,FL,32190,5624,2599,23967,22768,9422,4748,18593,11954,122,278,109,1134,2894,13951,7714,89,249,79,686,1854,4642,4240,33,29,30,448,2817
2017,GA,10174,1646,697,7831,7422,2752,422,2805,6902,37,73,19,338,221,2288,4849,18,69,13,185,201,517,2053,19,4,6,153,712
2017,GU,852,350,84,418,215,637,39,15,3,39,0,762,33,15,9,2,20,0,174,10,24,6,1,19,0,588,23,24
2017,HI,7220,1575,497,5148,4535,2685,965,1594,255,656,106,2901,1708,610,1422,205,569,80,1312,947,355,172,50,87,26,1589,761,615
2017,IA,2756,829,240,1687,1500,1256,205,1654,795,19,74,13,201,90,1091,295,9,50,4,51,115,563,500,10,24,9,150,171
2017,ID,2037,443,153,1441,1309,728,268,1795,75,17,60,15,75,147,1176,34,12,41,12,34,121,619,41,5,19,3,41,228
2017,IL,10798,2455,1106,7237,6894,3904,1059,3916,6375,78,68,20,341,581,2797,3850,60,40,10,137,478,1119,2525,18,28,10,204,864
2017,IN,5438,1177,355,3906,3623,1815,233,3283,1877,30,44,20,184,137,2452,1023,16,29,17,86,96,831,854,14,15,3,98,615
2017,KS,2287,553,138,1596,1423,864,334,1514,489,13,104,11,156,128,995,275,11,59,10,73,206,519,214,2,45,1,83,217
2017,KY,4025,616,331,3078,3032,993,108,2829,1009,18,18,2,149,74,2228,701,11,13,2,77,34,601,308,7,5,0,72,489
2017,LA,3305,527,238,2540,2559,746,102,1267,1921,12,28,11,66,60,1087,1403,10,20,10,29,42,180,518,2,8,1,37,383
2017,MA,17565,6465,1510,9590,6267,11298,6531,10006,5830,173,82,80,1394,1245,3956,1758,69,62,39,383,5286,6050,4072,104,20,41,1011,853
2017,MD,7247,1370,422,5455,5077,2170,405,2479,4341,40,54,22,311,253,2011,2827,30,41,7,161,152,468,1514,10,13,15,150,536
2017,ME,2280,590,191,1499,1352,928,88,1853,284,11,38,10,84,43,1160,102,6,29,3,52,45,693,182,5,9,7,32,131
2017,MI,9051,2340,782,5929,5628,3423,497,3826,4693,22,112,5,393,205,2606,2752,13,72,5,180,292,1220,1941,9,40,0,213,773
2017,MN,7668,2590,1103,3975,3899,3769,564,2685,3296,110,1018,16,543,234,1773,1440,68,416,13,189,330,912,1856,42,602,3,354,281
2017,MO,6037,1537,643,3857,3768,2269,291,3063,2561,20,74,11,308,149,2092,1443,12,65,7,149,142,971,1118,8,9,4,159,538
2017,MS,1472,252,60,1160,1100,372,11,611,811,4,29,0,17,8,494,577,4,18,0,7,3,117,234,0,11,0,10,57
2017,MT,1529,340,124,1065,987,542,121,992,33,4,354,9,137,82,718,26,1,167,6,69,39,274,7,3,187,3,68,205
2017,NC,8962,1883,571,6508,6044,2918,518,3745,4553,37,190,17,420,287,2770,2928,19,110,14,203,231,975,1625,18,80,3,217,931
2017,ND,1089,178,84,827,832,257,43,367,127,6,226,0,363,23,287,58,3,150,0,334,20,80,69,3,76,0,29,74
2017,NE,2501,501,225,1775,1698,803,264,1664,579,20,122,4,112,139,1226,339,14,62,4,53,125,438,240,6,60,0,59,174
2017,NH,1456,389,126,941,776,680,136,1266,77,11,5,0,97,25,709,35,2,4,0,26,111,557,42,9,1,0,71,124
2017,NJ,8536,1945,761,5830,5433,3103,1786,3526,4621,75,96,38,180,980,2476,2743,47,69,29,69,806,1050,1878,28,27,9,111,583
2017,NM,2482,471,130,1881,1865,617,1036,1513,142,10,651,9,157,673,1144,113,9,512,7,80,363,369,29,1,139,2,77,248
2017,NV,7833,608,1936,5289,7281,552,1063,4610,2326,182,225,75,415,916,4362,2072,177,209,74,387,147,248,254,5,16,1,28,832
2017,NY,89503,30098,9111,50294,37390,52113,29408,19894,61463,1056,729,1191,5170,9850,9955,23416,515,259,453,2792,19558,9939,38047,541,470,738,2378,1244
2017,OH,10095,2234,858,7003,6688,3407,375,4933,4562,26,49,23,502,189,3475,2935,17,42,22,197,186,1458,1627,9,7,1,305,862
2017,OK,4199,867,378,2954,2824,1375,307,2594,767,8,577,17,236,149,1790,527,6,374,9,118,158,804,240,2,203,8,118,349
2017,OR,13953,2636,1160,10157,10434,3519,1509,11326,832,79,588,175,953,879,8516,597,52,464,93,712,630,2810,235,27,124,82,241,1251
2017,PA,14138,3755,1260,9123,8271,5867,1442,5864,7450,77,47,39,661,701,4047,3793,58,37,30,306,741,1817,3657,19,10,9,355,963
2017,PR,3525,218,199,3108,3141,384,3448,1612,633,2,17,11,1250,3066,1442,575,2,10,11,1101,382,170,58,0,7,0,149,94
2017,RI,1180,236,78,866,802,378,263,762,309,8,16,3,82,122,560,185,6,8,1,42,141,202,124,2,8,2,40,95
2017,SC,3916,642,227,3047,2896,1020,88,1532,2205,8,32,4,135,57,1291,1483,8,31,3,80,31,241,722,0,1,1,55,480
2017,SD,943,215,62,666,611,332,42,310,44,3,563,8,15,28,254,35,2,304,4,12,14,56,9,1,259,4,3,130
2017,TN,8309,1364,543,6402,6137,2172,217,4775,3205,34,61,6,228,157,3679,2227,29,49,4,149,60,1096,978,5,12,2,79,757
2017,TX,23548,4286,1750,17512,16708,6840,6606,13076,8928,253,325,68,898,3991,9564,6135,119,288,53,549,2615,3512,2793,134,37,15,349,2200
2017,UT,2852,637,203,2012,1882,970,642,2202,282,27,159,47,135,321,1515,177,19,87,18,66,321,687,105,8,72,29,69,220
2017,VA,6067,1299,415,4353,4028,2039,551,2417,3241,84,32,22,271,242,1823,1986,41,28,14,136,309,594,1255,43,4,8,135,478
2017,VI,381,9,5,367,369,12,49,54,311,1,5,3,7,49,54,299,1,5,3,7,0,0,12,0,0,0,0,23
2017,VT,1225,306,142,777,697,528,60,1093,79,7,6,2,38,17,643,35,3,3,2,11,43,450,44,4,3,0,27,94
2017,WA,21112,4109,2296,14707,14781,6331,2852,12340,4167,321,1285,484,2515,1686,9184,2796,232,875,199,1495,1166,3156,1371,89,410,285,1020,2093
2017,WI,5027,1546,431,3050,2645,2382,392,2753,1643,69,195,13,354,167,1664,812,15,65,4,85,225,1089,831,54,130,9,269,329
2017,WV,1309,166,87,1056,1032,277,21,1062,214,2,5,3,23,8,841,171,2,5,3,10,13,221,43,0,0,0,13,137
2017,WY,873,129,59,685,622,251,106,651,43,2,145,8,24,52,491,29,2,77,8,15,54,160,14,0,68,0,9,63
2018,AK,2016,349,191,1476,1434,582,102,683,156,39,878,76,184,69,550,95,31,597,32,129,33,133,61,8,281,44,55,132
2018,AL,3434,573,157,2704,2570,864,94,1664,1604,6,23,5,132,56,1298,1162,6,18,2,84,38,366,442,0,5,3,48,339
2018,AR,2712,309,213,2190,2280,432,80,1647,916,12,36,4,97,57,1394,779,12,29,4,62,23,253,137,0,7,0,35,251
2018,AZ,9865,1680,780,7405,7259,2606,2275,6494,1906,53,836,57,519,1448,5198,1121,46,605,32,257,827,1296,785,7,231,25,262,893
2018,CA,129972,13936,12678,103358,109008,20964,41447,72956,37770,2338,5391,1552,9965,31793,61728,30695,2049,4704,1222,8610,9654,11228,7075,289,687,330,1355,10836
2018,CO,10857,1887,808,8162,7607,3250,2837,7814,1566,77,487,94,819,1559,5640,954,44,416,50,503,1278,2174,612,33,71,44,316,1073
2018,CT,3976,967,254,2755,2280,1696,1361,2156,1482,17,92,16,213,621,1366,786,12,22,15,79,740,790,696,5,70,1,134,190
2018,DC,6904,1933,639,4332,3770,3134,327,478,6286,39,40,15,46,237,429,3227,36,34,7,37,90,49,3059,3,6,8,9,306
2018,DE,1082,227,78,777,708,374,70,406,616,6,12,2,40,35,318,350,4,7,2,27,35,88,266,2,5,0,13,70
2018,FL,31030,5871,2371,22788,21443,9587,4336,17743,11809,116,248,113,1001,2662,13098,7375,85,221,81,583,1674,4645,4434,31,27,32,418,2543
2018,GA,9499,1673,610,7216,6943,2556,299,2804,6281,22,73,25,294,212,2402,4228,14,57,16,226,87,402,2053,8,16,9,68,705
2018,GU,854,361,76,417,209,645,50,11,8,20,1,788,26,19,7,3,17,1,171,10,31,4,5,3,0,617,16,14
2018,HI,6530,1366,370,4794,4131,2399,972,1527,214,579,80,2250,1880,607,1334,184,500,74,927,1112,365,193,30,79,6,1323,768,532
2018,IA,2749,684,282,1783,1711,1038,238,1753,713,14,90,10,169,97,1264,324,13,52,7,51,141,489,389,1,38,3,118,196
2018,ID,2012,438,157,1417,1297,715,310,1675,57,7,103,22,148,131,1081,37,7,93,16,63,179,594,20,0,10,6,85,215
2018,IL,10643,2505,958,7180,6752,3891,1175,3854,6234,80,78,32,365,594,2858,3574,58,54,24,184,581,996,2660,22,24,8,181,804
2018,IN,5258,981,332,3945,3776,1482,232,3212,1839,30,34,16,127,148,2465,1187,18,28,16,62,84,747,652,12,6,0,65,539
2018,KS,2216,507,169,1540,1443,773,253,1400,522,13,88,17,176,128,1008,265,9,59,7,95,125,392,257,4,29,10,81,195
2018,KY,3688,616,248,2824,2735,953,142,2616,835,12,20,4,201,98,2043,554,5,19,2,112,44,573,281,7,1,2,89,369
2018,LA,3059,371,219,2469,2540,519,86,1233,1726,13,24,8,55,72,1115,1339,13,21,8,44,14,118,387,0,3,0,11,406
2018,MA,20068,7660,1674,10734,6811,13257,8132,11813,6265,158,84,64,1684,1568,4419,1764,71,49,32,476,6564,7394,4501,87,35,32,1208,985
2018,MD,7144,1399,397,5348,4914,2230,388,2602,4166,41,51,24,260,245,2037,2646,31,40,19,141,143,565,1520,10,11,5,119,574
2018,ME,2516,654,184,1678,1450,1066,110,2041,293,8,35,0,139,46,1262,86,4,23,0,75,64,779,207,4,12,0,64,119
2018,MI,8351,2173,749,5429,5209,3142,474,3775,3980,27,102,14,453,215,2579,2359,12,61,10,188,259,1196,1621,15,41,4,265,693
2018,MN,7243,2254,890,4099,3993,3250,548,2698,3141,114,699,49,542,282,1800,1563,79,351,32,168,266,898,1578,35,348,17,374,301
2018,MO,5883,1402,599,3882,3776,2107,265,3136,2331,14,85,14,303,130,2223,1349,11,67,11,115,135,913,982,3,18,3,188,507
2018,MS,1352,206,109,1037,1024,328,43,610,663,12,9,5,53,35,487,461,12,9,5,50,8,123,202,0,0,0,3,102
2018,MT,1405,247,151,1007,983,422,100,956,38,2,238,8,163,55,696,25,2,143,5,112,45,260,13,0,95,3,51,198
2018,NC,9268,1762,647,6859,6451,2817,477,3971,4801,41,122,31,302,221,3052,3076,29,114,24,156,256,919,1725,12,8,7,146,884
2018,ND,542,61,61,420,467,75,97,344,76,2,74,12,34,84,310,60,0,57,12,28,13,34,16,2,17,0,6,9
2018,NE,2421,419,196,1806,1745,676,310,1585,599,20,85,6,126,176,1207,402,12,57,3,64,134,378,197,8,28,3,62,171
2018,NH,1450,362,125,963,835,615,108,1232,91,18,5,2,102,34,760,37,5,4,1,28,74,472,54,13,1,1,74,143
2018,NJ,9398,2093,808,6497,6048,3350,1941,3936,5021,86,71,59,225,1011,2762,3063,51,50,42,80,930,1174,1958,35,21,17,145,555
2018,NM,2551,437,146,1968,1949,602,1087,1495,200,14,690,13,139,700,1130,139,10,561,11,98,387,365,61,4,129,2,41,290
2018,NV,7544,519,1235,5790,7058,486,860,4498,2284,160,182,108,312,748,4263,2059,159,168,107,302,112,235,225,1,14,1,10,723
2018,NY,91897,30009,8761,53127,39827,52070,31039,21811,64622,1040,461,885,3078,10917,11449,26171,570,233,430,974,20122,10362,38451,470,228,455,2104,1224
2018,OH,10249,2141,899,7209,6929,3320,507,5092,4601,37,69,20,430,254,3652,3016,26,47,17,171,253,1440,1585,11,22,3,259,749
2018,OK,3871,637,327,2907,2823,1048,265,2414,735,16,450,18,238,169,1817,526,15,283,14,168,96,597,209,1,167,4,70,313
2018,OR,14476,2185,1165,11126,11139,3337,1468,11799,793,78,688,188,930,900,9145,586,56,547,106,699,568,2654,207,22,141,82,231,1363
2018,PA,13512,3472,1055,8985,8163,5349,1654,5781,7016,87,73,48,507,812,4091,3647,73,63,26,263,842,1690,3369,14,10,22,244,982
2018,PR,3182,143,150,2889,2921,261,3116,1454,601,2,10,9,1106,2856,1359,555,2,10,9,986,260,95,46,0,0,0,120,82
2018,RI,1101,206,73,822,747,354,268,662,289,14,19,1,116,137,524,165,4,14,1,39,131,138,124,10,5,0,77,103
2018,SC,3933,510,281,3142,3082,851,141,1736,2016,11,33,7,130,91,1473,1480,8,33,7,81,50,263,536,3,0,0,49,415
2018,SD,1159,218,77,864,836,323,85,327,79,2,658,0,93,65,270,70,2,416,0,78,20,57,9,0,242,0,15,110
2018,TN,7883,1108,533,6242,6139,1744,259,4601,3007,19,58,12,186,177,3748,2175,16,51,12,137,82,853,832,3,7,0,49,742
2018,TX,25310,4101,1671,19538,19199,6111,7147,14363,9664,181,315,60,727,4907,11286,6986,120,286,49,472,2240,3077,2678,61,29,11,255,1935
2018,UT,2876,621,243,2012,1904,972,616,2209,277,28,143,72,147,318,1520,172,23,88,25,76,298,689,105,5,55,47,71,239
2018,VA,5975,1284,416,4275,3928,2047,493,2399,3113,79,47,17,320,231,1765,1906,35,39,11,172,262,634,1207,44,8,6,148,485
2018,VI,486,33,4,449,415,71,47,55,417,1,5,1,7,43,54,347,1,5,1,7,4,1,70,0,0,0,0,24
2018,VT,1291,292,144,855,780,511,57,1150,84,8,11,0,38,17,698,50,3,7,0,22,40,452,34,5,4,0,16,104
2018,WA,22304,3777,2327,16200,16424,5880,3236,13688,4155,404,917,533,2607,2128,10708,2554,319,695,255,1893,1108,2980,1601,85,222,278,714,1636
2018,WI,4907,1407,356,3144,2740,2167,357,2728,1570,37,236,7,329,155,1762,789,21,87,4,77,202,966,781,16,149,3,252,332
2018,WV,1243,145,56,1042,1021,222,16,978,230,2,4,1,28,5,821,175,2,4,1,18,11,157,55,0,0,0,10,131
2018,WY,639,124,81,434,434,205,79,500,42,0,51,8,38,48,321,40,0,39,7,27,31,179,2,0,12,1,11,47
2019,AK,1907,335,204,1368,1384,523,105,667,164,36,764,73,203,72,536,115,29,576,19,109,33,131,49,7,188,54,94,111
2019,AL,3261,629,199,2433,2519,742,100,1380,1741,7,55,9,69,59,1112,1306,5,40,9,47,41,268,435,2,15,0,22,292
2019,AR,2717,303,317,2097,2303,414,60,1651,902,4,36,24,100,43,1425,734,3,32,24,85,17,226,168,1,4,0,15,238
2019,AZ,10007,1602,708,7697,7538,2469,2324,6316,1908,48,919,59,757,1436,5237,1196,37,670,49,349,888,1079,712,11,249,10,408,910
2019,CA,151278,14305,12673,124300,128777,22501,47519,82164,44086,2606,6797,2177,13448,37988,70917,35981,2355,5996,1854,11674,9531,11247,8105,251,801,323,1774,10980
2019,CO,9619,1458,685,7476,7263,2356,2209,6251,1678,65,586,100,939,1326,4885,1117,53,481,48,679,883,1366,561,12,105,52,260,1068
2019,CT,3033,588,272,2173,2100,933,898,1561,1150,15,24,53,230,506,1189,740,7,18,53,93,392,372,410,8,6,0,137,195
2019,DC,6521,1606,546,4369,3875,2646,316,413,5829,32,42,19,186,235,386,3273,29,34,7,146,81,27,2556,3,8,12,40,297
2019,DE,921,220,83,618,565,356,83,372,478,2,4,10,55,33,286,250,2,3,2,22,50,86,228,0,1,8,33,65
2019,FL,28328,4703,1625,22000,21265,7063,3696,15580,11575,108,233,92,740,2411,12841,7641,83,211,71,418,1285,2739,3934,25,22,21,322,2472
2019,GA,10443,1679,642,8122,7913,2530,543,3175,6804,62,70,17,315,343,2642,4941,61,68,16,185,200,533,1863,1,2,1,130,801
2019,GU,875,334,95,446,258,617,50,13,5,31,3,791,32,20,6,5,22,2,210,13,30,7,0,9,1,581,19,23
2019,HI,6412,1177,323,4912,4420,1992,855,1445,237,562,42,2013,2113,591,1278,193,505,37,952,1455,264,167,44,57,5,1061,658,505
2019,IA,2315,495,187,1633,1574,741,197,1531,566,20,91,8,99,98,1166,296,14,52,8,38,99,365,270,6,39,0,61,149
2019,ID,2315,473,220,1622,1516,799,257,1903,73,12,165,33,129,144,1248,45,9,120,18,76,113,655,28,3,45,15,53,201
2019,IL,10199,2355,926,6918,6513,3686,1032,3579,6218,90,67,21,224,563,2705,3572,58,58,16,104,469,874,2646,32,9,5,120,690
2019,IN,5471,1092,327,4052,3783,1688,244,3289,1932,25,44,18,163,123,2448,1192,20,32,16,75,121,841,740,5,12,2,88,572
2019,KS,2381,383,150,1848,1742,639,246,1518,526,18,116,24,179,150,1237,303,12,76,14,100,96,281,223,6,40,10,79,189
2019,KY,4079,629,308,3142,3073,1006,147,2867,959,11,23,5,214,101,2272,674,6,21,5,95,46,595,285,5,2,0,119,447
2019,LA,2941,375,182,2384,2416,525,81,1137,1706,7,34,7,50,75,1054,1277,7,34,7,37,6,83,429,0,0,0,13,360
2019,MA,18471,7357,1540,9574,6259,12212,7380,9679,6436,164,125,91,1976,1273,3897,1701,80,76,39,466,6107,5782,4735,84,49,52,1510,917
2019,MD,6561,1214,399,4948,4652,1909,269,2385,3778,46,45,26,281,160,1952,2490,38,34,15,123,109,433,1288,8,11,11,158,490
2019,ME,2106,541,147,1418,1232,874,100,1581,375,9,43,6,92,50,1026,119,9,24,6,48,50,555,256,0,19,0,44,116
2019,MI,8575,2231,712,5632,5212,3363,586,3740,4286,41,95,13,400,279,2485,2455,19,54,12,187,307,1255,1831,22,41,1,213,599
2019,MN,7977,2157,900,4920,4586,3391,581,2785,3453,109,940,57,633,329,1967,1728,91,505,39,256,252,818,1725,18,435,18,377,297
2019,MO,6179,1359,545,4275,4173,2006,307,3164,2568,29,74,25,319,198,2374,1559,14,59,13,154,109,790,1009,15,15,12,165,488
2019,MS,1184,152,55,977,963,221,28,561,574,6,6,1,36,18,469,447,6,6,1,34,10,92,127,0,0,0,2,72
2019,MT,1357,250,111,996,947,410,146,905,36,8,234,12,162,84,669,24,3,145,10,96,62,236,12,5,89,2,66,205
2019,NC,9314,1553,532,7229,6867,2447,411,3992,4832,31,94,19,346,251,3301,3248,25,76,17,200,160,691,1584,6,18,2,146,907
2019,ND,557,127,74,356,377,180,82,322,90,1,101,7,36,56,257,39,1,54,4,22,26,65,51,0,47,3,14,49
2019,NE,2365,423,185,1757,1715,650,261,1580,546,13,73,4,149,133,1206,370,11,44,4,80,128,374,176,2,29,0,69,175
2019,NH,1396,352,117,927,812,584,165,1172,100,9,5,6,104,51,743,48,1,5,6,9,114,429,52,8,0,0,95,113
2019,NJ,8862,1831,714,6317,5895,2967,1791,3545,4913,65,77,51,211,1016,2610,3085,48,53,37,62,775,935,1828,17,24,14,149,551
2019,NM,3241,515,217,2509,2464,777,1362,1842,192,17,842,27,321,928,1405,147,15,672,22,203,434,437,45,2,170,5,118,257
2019,NV,7169,656,1025,5488,6614,555,948,4297,2210,144,185,59,274,829,4049,1964,134,183,48,236,119,248,246,10,2,11,38,674
2019,NY,92091,28985,8444,54662,42113,49978,30634,20931,64450,1133,370,949,4258,11207,11735,26993,602,228,475,2080,19427,9196,37457,531,142,474,2178,1270
2019,OH,10345,2135,853,7357,7041,3304,389,5180,4606,26,42,16,475,217,3740,3031,16,40,9,205,172,1440,1575,10,2,7,270,676
2019,OK,3944,549,327,3068,3063,881,274,2428,752,15,482,19,248,168,1932,594,13,359,15,150,106,496,158,2,123,4,98,280
2019,OR,15876,2645,1116,12115,12354,3522,1567,12839,896,82,777,195,1087,1037,9953,759,70,639,136,797,530,2886,137,12,138,59,290,1438
2019,PA,13199,3020,1079,9100,8426,4773,1552,5711,6851,55,53,50,479,841,4225,3848,45,48,40,220,711,1486,3003,10,5,10,259,857
2019,PR,2535,110,85,2340,2341,194,2477,1080,462,4,19,4,966,2284,999,428,4,19,4,887,193,81,34,0,0,0,79,90
2019,RI,1055,197,39,819,730,325,256,655,309,8,17,4,62,126,504,181,2,11,1,31,130,151,128,6,6,3,31,92
2019,SC,4172,520,263,3389,3318,854,120,1793,2160,14,36,10,159,86,1581,1580,11,31,9,106,34,212,580,3,5,1,53,462
2019,SD,995,188,72,735,725,270,50,285,75,3,609,0,23,33,246,63,3,396,0,17,17,39,12,0,213,0,6,66
2019,TN,7467,1170,421,5876,5637,1830,202,4268,2886,22,56,16,219,131,3480,1946,18,54,9,130,71,788,940,4,2,7,89,679
2019,TX,25848,4249,1523,20076,19611,6237,6964,14984,9622,202,245,77,718,4562,11942,6806,127,230,65,441,2402,3042,2816,75,15,12,277,1806
2019,UT,2798,565,190,2043,1921,877,608,2159,276,41,131,77,114,351,1541,171,30,86,30,63,257,618,105,11,45,47,51,211
2019,VA,5783,1346,367,4070,3666,2117,470,2208,3100,97,41,11,326,219,1652,1780,42,36,6,150,251,556,1320,55,5,5,176,447
2019,VI,314,0,6,308,314,0,44,46,228,0,6,0,34,44,46,228,0,6,0,34,0,0,0,0,0,0,0,13
2019,VT,1089,251,136,702,681,408,42,925,85,19,8,1,51,23,582,55,7,8,1,28,19,343,30,12,0,0,23,87
2019,WA,21577,3557,2123,15897,15985,5592,3071,12590,4436,510,1751,635,1655,1985,9895,2772,426,1469,397,1026,1086,2695,1664,84,282,238,629,1585
2019,WI,4538,1303,286,2949,2545,1993,414,2545,1393,42,234,4,320,171,1649,709,27,58,2,100,243,896,684,15,176,2,220,359
2019,WV,1397,153,94,1150,1149,248,35,1161,190,8,6,2,30,28,976,142,3,6,2,20,7,185,48,5,0,0,10,137
2019,WY,548,81,69,398,437,111,67,456,31,0,29,3,29,46,365,29,0,23,3,17,21,91,2,0,6,0,12,51
2020,AK,1949,326,197,1426,1445,504,126,634,137,22,890,40,226,66,529,90,15,639,21,151,60,105,47,7,251,19,75,94
2020,AL,3351,528,198,2625,2497,854,126,1462,1755,2,37,11,73,88,1138,1258,1,34,11,55,38,324,497,1,3,0,18,329
2020,AR,2366,195,258,1913,2073,293,53,1353,901,4,42,21,45,43,1203,778,4,37,15,36,10,150,123,0,5,6,9,188
2020,AZ,10979,1722,824,8433,8280,2699,2355,6901,2289,77,1027,60,625,1494,5667,1333,57,810,47,366,861,1234,956,20,217,13,259,921
2020,CA,161548,16141,13391,132016,135771,25777,51966,87439,49610,3240,6386,1784,13089,40636,75214,38976,2890,5636,1534,11521,11330,12225,10634,350,750,250,1568,11401
2020,CO,9846,1364,734,7748,7579,2267,2281,6411,1808,51,527,136,913,1477,5224,1190,41,430,77,617,804,1187,618,10,97,59,296,1044
2020,CT,2905,585,208,2112,1973,932,847,1519,1065,16,34,10,261,462,1137,689,13,27,5,102,385,382,376,3,7,5,159,199
2020,DC,6380,1432,548,4400,3949,2431,557,506,5618,38,26,20,172,262,443,3321,37,23,12,113,295,63,2297,1,3,8,59,302
2020,DE,1165,266,71,828,737,428,101,412,678,3,7,1,64,37,314,383,2,5,1,32,64,98,295,1,2,0,32,78
2020,FL,27487,4637,1588,21262,20344,7143,4045,15102,11042,128,328,73,814,2669,12454,6972,104,293,63,458,1376,2648,4070,24,35,10,356,2436
2020,GA,10234,1667,530,8037,7696,2538,520,3031,6708,92,64,21,318,376,2534,4866,47,59,18,172,144,497,1842,45,5,3,146,764
2020,GU,790,291,81,418,276,514,19,21,3,14,1,727,24,14,21,3,9,0,232,11,5,0,0,5,1,495,13,21
2020,HI,6458,1101,396,4961,4568,1890,935,1469,295,564,83,2160,1887,626,1334,247,491,71,1169,1256,309,135,48,73,12,991,631,485
2020,IA,2647,535,200,1912,1852,795,183,1760,596,19,121,9,142,109,1380,333,19,66,3,51,74,380,263,0,55,6,91,154
2020,ID,2315,592,149,1574,1320,995,414,1904,52,13,230,17,99,140,1103,35,9,124,11,38,274,801,17,4,106,6,61,178
2020,IL,10431,2212,958,7261,6995,3436,1129,3671,6333,96,82,21,228,598,2835,3940,62,51,10,97,531,836,2393,34,31,11,131,736
2020,IN,5625,978,352,4295,4117,1508,347,3492,1783,37,50,21,242,220,2714,1210,18,43,17,115,127,778,573,19,7,4,127,530
2020,KS,2449,407,213,1829,1751,698,265,1512,553,15,96,2,271,154,1194,316,10,71,1,159,111,318,237,5,25,1,112,203
2020,KY,4011,581,268,3162,3116,895,136,2826,996,19,22,20,128,85,2295,709,10,20,5,77,51,531,287,9,2,15,51,399
2020,LA,3173,396,275,2502,2591,582,88,1165,1908,21,29,5,45,73,1056,1456,16,26,5,32,15,109,452,5,3,0,13,378
2020,MA,17975,7092,1404,9479,6233,11742,6185,9903,6538,198,86,87,1163,1219,4018,1583,90,44,48,450,4966,5885,4955,108,42,39,713,836
2020,MD,6360,1215,346,4799,4430,1930,366,2211,3755,56,60,26,252,245,1799,2384,35,49,14,149,121,412,1371,21,11,12,103,464
2020,ME,2097,480,149,1468,1289,808,84,1631,310,3,48,7,98,45,1096,91,3,33,4,62,39,535,219,0,15,3,36,103
2020,MI,8638,2239,658,5741,5267,3371,484,4023,3937,53,100,29,496,267,2716,2208,25,67,24,227,217,1307,1729,28,33,5,269,639
2020,MN,7940,2140,932,4868,4726,3214,645,3016,3302,145,795,50,632,316,2160,1704,95,457,43,267,329,856,1598,50,338,7,365,315
2020,MO,6527,1482,693,4352,4416,2111,326,3522,2489,35,87,22,372,209,2639,1497,24,69,16,171,117,883,992,11,18,6,201,453
2020,MS,1107,165,53,889,853,254,18,512,554,3,11,5,22,13,422,392,3,11,5,20,5,90,162,0,0,0,2,68
2020,MT,1545,328,98,1119,996,549,147,1087,51,4,300,10,93,92,742,25,1,166,8,54,55,345,26,3,134,2,39,165
2020,NC,9280,1634,561,7085,6756,2524,460,4060,4757,30,93,20,320,244,3238,3233,16,76,18,175,216,822,1524,14,17,2,145,798
2020,ND,541,115,46,380,371,170,40,285,95,1,131,1,28,30,231,48,1,75,1,15,10,54,47,0,56,0,13,49
2020,NE,2404,463,181,1760,1722,682,329,1588,543,22,71,15,165,187,1220,335,15,52,9,91,142,368,208,7,19,6,74,153
2020,NH,1675,373,118,1184,1023,652,184,1474,98,16,6,7,74,55,933,50,4,6,2,28,129,541,48,12,0,5,46,116
2020,NJ,9662,2053,717,6892,6413,3249,1972,3681,5418,58,88,48,369,1142,2672,3379,47,61,35,219,830,1009,2039,11,27,13,150,595
2020,NM,3333,482,221,2630,2555,778,1325,2011,227,14,831,38,212,953,1499,161,14,718,29,134,372,512,66,0,113,9,78,252
2020,NV,6900,383,549,5968,6381,519,1044,4394,1884,128,147,121,226,892,4172,1668,119,127,111,184,152,222,216,9,20,10,42,924
2020,NY,91271,27968,8199,55104,43283,47988,30859,21777,62198,937,500,1248,4611,11840,13402,25840,579,292,721,2449,19019,8375,36358,358,208,527,2162,1251
2020,OH,10655,1999,842,7814,7636,3019,487,5350,4662,54,78,22,489,289,4203,3073,25,69,15,251,198,1147,1589,29,9,7,238,730
2020,OK,3932,490,305,3137,3162,770,290,2451,815,13,411,9,233,191,2054,602,12,346,7,141,99,397,213,1,65,2,92,325
2020,OR,14655,2030,944,11681,11995,2660,1384,11916,839,112,711,167,910,981,9782,667,87,590,127,742,403,2134,172,25,121,40,168,1329
2020,PA,13375,3048,1000,9327,8585,4790,1743,5854,6793,65,62,56,545,1007,4284,3849,45,55,38,314,736,1570,2944,20,7,18,231,977
2020,PR,2451,110,79,2262,2251,200,2395,1039,465,3,16,6,922,2196,955,426,3,16,6,845,199,84,39,0,0,0,77,88
2020,RI,1104,238,48,818,723,381,247,656,322,6,24,6,90,115,496,169,6,17,1,34,132,160,153,0,7,5,56,92
2020,SC,4287,518,256,3513,3432,855,115,1887,2160,12,55,6,167,74,1662,1602,6,50,6,106,41,225,558,6,5,0,61,428
2020,SD,1058,215,83,760,743,315,81,265,65,2,699,0,27,40,199,43,2,481,0,18,41,66,22,0,218,0,9,43
2020,TN,7256,998,397,5861,5673,1583,188,4091,2849,29,66,30,191,151,3419,2035,20,64,21,114,37,672,814,9,2,9,77,570
2020,TX,27229,4048,1663,21518,21115,6114,7545,15778,10001,206,346,89,809,4975,12738,7344,145,304,76,508,2570,3040,2657,61,42,13,301,1948
2020,UT,3131,635,239,2257,2150,981,769,2367,332,36,162,58,176,418,1719,202,24,103,30,72,351,648,130,12,59,28,104,114
2020,VA,5957,1266,360,4331,3959,1998,492,2233,3169,98,62,16,379,229,1728,1946,40,34,13,198,263,505,1223,58,28,3,181,395
2020,VI,304,0,6,298,304,0,44,33,232,0,6,0,33,44,33,232,0,6,0,33,0,0,0,0,0,0,0,13
2020,VT,1110,216,127,767,738,372,41,983,62,9,6,4,46,26,659,38,6,4,1,30,15,324,24,3,2,3,16,71
2020,WA,22923,4115,1913,16895,16198,6725,3060,13904,3953,332,2544,653,1537,1823,10899,1782,274,2058,351,834,1237,3005,2171,58,486,302,703,1607
2020,WI,4515,1196,293,3026,2677,1838,400,2426,1572,46,201,15,255,170,1666,831,23,69,14,74,230,760,741,23,132,1,181,337
2020,WV,1341,122,115,1104,1156,185,30,1097,181,3,11,3,46,22,972,140,3,11,2,28,8,125,41,0,0,1,18,104
2020,WY,612,143,92,377,427,185,76,510,38,0,39,3,22,42,354,30,0,29,2,12,34,156,8,0,10,1,10,51
